ISO-10303-21;
HEADER;
FILE_DESCRIPTION(('FreeCAD Model'),'2;1');
FILE_NAME('Open CASCADE Shape Model','2026-08-09T20:31:28',(''),(''),
  'Open CASCADE STEP processor 7.8','FreeCAD','Unknown');
FILE_SCHEMA(('AUTOMOTIVE_DESIGN { 1 0 10303 214 1 1 1 1 }'));
ENDSEC;
DATA;
#1 = APPLICATION_PROTOCOL_DEFINITION('international standard',
  'automotive_design',2000,#2);
#2 = APPLICATION_CONTEXT(
  'core data for automotive mechanical design processes');
#3 = SHAPE_DEFINITION_REPRESENTATION(#4,#10);
#4 = PRODUCT_DEFINITION_SHAPE('','',#5);
#5 = PRODUCT_DEFINITION('design','',#6,#9);
#6 = PRODUCT_DEFINITION_FORMATION('','',#7);
#7 = PRODUCT('Assembly','Assembly','',(#8));
#8 = PRODUCT_CONTEXT('',#2,'mechanical');
#9 = PRODUCT_DEFINITION_CONTEXT('part definition',#2,'design');
#10 = SHAPE_REPRESENTATION('',(#11,#15,#19,#23),#27);
#11 = AXIS2_PLACEMENT_3D('',#12,#13,#14);
#12 = CARTESIAN_POINT('',(0.,0.,0.));
#13 = DIRECTION('',(0.,0.,1.));
#14 = DIRECTION('',(1.,0.,-0.));
#15 = AXIS2_PLACEMENT_3D('',#16,#17,#18);
#16 = CARTESIAN_POINT('',(27.499999865889,0.,27.500002728805));
#17 = DIRECTION('',(-1.,0.,-1.685873964874E-07));
#18 = DIRECTION('',(-1.685873964874E-07,0.,1.));
#19 = AXIS2_PLACEMENT_3D('',#20,#21,#22);
#20 = CARTESIAN_POINT('',(-27.65000013411,1.4E-15,27.49999343121));
#21 = DIRECTION('',(-1.685873968E-07,1.032300079339E-23,1.));
#22 = DIRECTION('',(-1.,1.224646799147E-16,-1.685873968E-07));
#23 = AXIS2_PLACEMENT_3D('',#24,#25,#26);
#24 = CARTESIAN_POINT('',(32.499999865889,-1.4E-14,27.500003571742));
#25 = DIRECTION('',(-1.,0.,-1.685873964874E-07));
#26 = DIRECTION('',(-1.685873964874E-07,0.,1.));
#27 = ( GEOMETRIC_REPRESENTATION_CONTEXT(3) 
GLOBAL_UNCERTAINTY_ASSIGNED_CONTEXT((#31)) GLOBAL_UNIT_ASSIGNED_CONTEXT(
(#28,#29,#30)) REPRESENTATION_CONTEXT('Context #1',
  '3D Context with UNIT and UNCERTAINTY') );
#28 = ( LENGTH_UNIT() NAMED_UNIT(*) SI_UNIT(.MILLI.,.METRE.) );
#29 = ( NAMED_UNIT(*) PLANE_ANGLE_UNIT() SI_UNIT($,.RADIAN.) );
#30 = ( NAMED_UNIT(*) SI_UNIT($,.STERADIAN.) SOLID_ANGLE_UNIT() );
#31 = UNCERTAINTY_MEASURE_WITH_UNIT(LENGTH_MEASURE(2.E-07),#28,
  'distance_accuracy_value','confusion accuracy');
#32 = PRODUCT_RELATED_PRODUCT_CATEGORY('part',$,(#7));
#33 = SHAPE_DEFINITION_REPRESENTATION(#34,#40);
#34 = PRODUCT_DEFINITION_SHAPE('','',#35);
#35 = PRODUCT_DEFINITION('design','',#36,#39);
#36 = PRODUCT_DEFINITION_FORMATION('','',#37);
#37 = PRODUCT('OuterTentPiece','OuterTentPiece','',(#38));
#38 = PRODUCT_CONTEXT('',#2,'mechanical');
#39 = PRODUCT_DEFINITION_CONTEXT('part definition',#2,'design');
#40 = ADVANCED_BREP_SHAPE_REPRESENTATION('',(#11,#41),#1238);
#41 = MANIFOLD_SOLID_BREP('',#42);
#42 = CLOSED_SHELL('',(#43,#83,#116,#149,#182,#215,#246,#272,#298,#412,
    #430,#544,#562,#593,#626,#644,#662,#680,#698,#724,#741,#767,#793,
    #819,#845,#871,#889,#907,#933,#950,#976,#1002,#1028,#1054,#1080,
    #1097,#1109,#1133,#1150,#1167,#1184,#1201,#1226));
#43 = ADVANCED_FACE('',(#44),#78,.F.);
#44 = FACE_BOUND('',#45,.F.);
#45 = EDGE_LOOP('',(#46,#56,#64,#72));
#46 = ORIENTED_EDGE('',*,*,#47,.T.);
#47 = EDGE_CURVE('',#48,#50,#52,.T.);
#48 = VERTEX_POINT('',#49);
#49 = CARTESIAN_POINT('',(-37.5,-45.,0.5));
#50 = VERTEX_POINT('',#51);
#51 = CARTESIAN_POINT('',(-37.5,-45.,4.5));
#52 = LINE('',#53,#54);
#53 = CARTESIAN_POINT('',(-37.5,-45.,0.));
#54 = VECTOR('',#55,1.);
#55 = DIRECTION('',(0.,0.,1.));
#56 = ORIENTED_EDGE('',*,*,#57,.T.);
#57 = EDGE_CURVE('',#50,#58,#60,.T.);
#58 = VERTEX_POINT('',#59);
#59 = CARTESIAN_POINT('',(37.5,-45.,4.5));
#60 = LINE('',#61,#62);
#61 = CARTESIAN_POINT('',(-37.5,-45.,4.5));
#62 = VECTOR('',#63,1.);
#63 = DIRECTION('',(1.,0.,0.));
#64 = ORIENTED_EDGE('',*,*,#65,.F.);
#65 = EDGE_CURVE('',#66,#58,#68,.T.);
#66 = VERTEX_POINT('',#67);
#67 = CARTESIAN_POINT('',(37.5,-45.,0.5));
#68 = LINE('',#69,#70);
#69 = CARTESIAN_POINT('',(37.5,-45.,0.));
#70 = VECTOR('',#71,1.);
#71 = DIRECTION('',(0.,0.,1.));
#72 = ORIENTED_EDGE('',*,*,#73,.F.);
#73 = EDGE_CURVE('',#48,#66,#74,.T.);
#74 = LINE('',#75,#76);
#75 = CARTESIAN_POINT('',(-37.5,-45.,0.5));
#76 = VECTOR('',#77,1.);
#77 = DIRECTION('',(1.,0.,0.));
#78 = PLANE('',#79);
#79 = AXIS2_PLACEMENT_3D('',#80,#81,#82);
#80 = CARTESIAN_POINT('',(-37.5,-45.,0.));
#81 = DIRECTION('',(0.,1.,0.));
#82 = DIRECTION('',(1.,0.,0.));
#83 = ADVANCED_FACE('',(#84),#111,.T.);
#84 = FACE_BOUND('',#85,.F.);
#85 = EDGE_LOOP('',(#86,#96,#103,#104));
#86 = ORIENTED_EDGE('',*,*,#87,.T.);
#87 = EDGE_CURVE('',#88,#90,#92,.T.);
#88 = VERTEX_POINT('',#89);
#89 = CARTESIAN_POINT('',(-45.,-37.5,0.5));
#90 = VERTEX_POINT('',#91);
#91 = CARTESIAN_POINT('',(-45.,-37.5,4.5));
#92 = LINE('',#93,#94);
#93 = CARTESIAN_POINT('',(-45.,-37.5,0.));
#94 = VECTOR('',#95,1.);
#95 = DIRECTION('',(0.,0.,1.));
#96 = ORIENTED_EDGE('',*,*,#97,.T.);
#97 = EDGE_CURVE('',#90,#50,#98,.T.);
#98 = CIRCLE('',#99,7.5);
#99 = AXIS2_PLACEMENT_3D('',#100,#101,#102);
#100 = CARTESIAN_POINT('',(-37.5,-37.5,4.5));
#101 = DIRECTION('',(0.,0.,1.));
#102 = DIRECTION('',(-1.,0.,0.));
#103 = ORIENTED_EDGE('',*,*,#47,.F.);
#104 = ORIENTED_EDGE('',*,*,#105,.F.);
#105 = EDGE_CURVE('',#88,#48,#106,.T.);
#106 = CIRCLE('',#107,7.5);
#107 = AXIS2_PLACEMENT_3D('',#108,#109,#110);
#108 = CARTESIAN_POINT('',(-37.5,-37.5,0.5));
#109 = DIRECTION('',(0.,0.,1.));
#110 = DIRECTION('',(-1.,0.,0.));
#111 = CYLINDRICAL_SURFACE('',#112,7.5);
#112 = AXIS2_PLACEMENT_3D('',#113,#114,#115);
#113 = CARTESIAN_POINT('',(-37.5,-37.5,0.));
#114 = DIRECTION('',(-0.,-0.,-1.));
#115 = DIRECTION('',(1.,0.,0.));
#116 = ADVANCED_FACE('',(#117),#144,.T.);
#117 = FACE_BOUND('',#118,.T.);
#118 = EDGE_LOOP('',(#119,#128,#136,#143));
#119 = ORIENTED_EDGE('',*,*,#120,.T.);
#120 = EDGE_CURVE('',#48,#121,#123,.T.);
#121 = VERTEX_POINT('',#122);
#122 = CARTESIAN_POINT('',(-37.5,-44.5,-0.));
#123 = CIRCLE('',#124,0.5);
#124 = AXIS2_PLACEMENT_3D('',#125,#126,#127);
#125 = CARTESIAN_POINT('',(-37.5,-44.5,0.5));
#126 = DIRECTION('',(1.,0.,0.));
#127 = DIRECTION('',(0.,-1.,0.));
#128 = ORIENTED_EDGE('',*,*,#129,.T.);
#129 = EDGE_CURVE('',#121,#130,#132,.T.);
#130 = VERTEX_POINT('',#131);
#131 = CARTESIAN_POINT('',(37.5,-44.5,0.));
#132 = LINE('',#133,#134);
#133 = CARTESIAN_POINT('',(-37.5,-44.5,-1.1E-16));
#134 = VECTOR('',#135,1.);
#135 = DIRECTION('',(1.,0.,0.));
#136 = ORIENTED_EDGE('',*,*,#137,.F.);
#137 = EDGE_CURVE('',#66,#130,#138,.T.);
#138 = CIRCLE('',#139,0.5);
#139 = AXIS2_PLACEMENT_3D('',#140,#141,#142);
#140 = CARTESIAN_POINT('',(37.5,-44.5,0.5));
#141 = DIRECTION('',(1.,0.,0.));
#142 = DIRECTION('',(0.,-1.,0.));
#143 = ORIENTED_EDGE('',*,*,#73,.F.);
#144 = CYLINDRICAL_SURFACE('',#145,0.5);
#145 = AXIS2_PLACEMENT_3D('',#146,#147,#148);
#146 = CARTESIAN_POINT('',(-37.5,-44.5,0.5));
#147 = DIRECTION('',(1.,0.,0.));
#148 = DIRECTION('',(0.,-1.,0.));
#149 = ADVANCED_FACE('',(#150),#177,.T.);
#150 = FACE_BOUND('',#151,.F.);
#151 = EDGE_LOOP('',(#152,#161,#169,#176));
#152 = ORIENTED_EDGE('',*,*,#153,.T.);
#153 = EDGE_CURVE('',#50,#154,#156,.T.);
#154 = VERTEX_POINT('',#155);
#155 = CARTESIAN_POINT('',(-37.5,-44.5,5.));
#156 = CIRCLE('',#157,0.5);
#157 = AXIS2_PLACEMENT_3D('',#158,#159,#160);
#158 = CARTESIAN_POINT('',(-37.5,-44.5,4.5));
#159 = DIRECTION('',(-1.,0.,0.));
#160 = DIRECTION('',(0.,-1.,0.));
#161 = ORIENTED_EDGE('',*,*,#162,.T.);
#162 = EDGE_CURVE('',#154,#163,#165,.T.);
#163 = VERTEX_POINT('',#164);
#164 = CARTESIAN_POINT('',(37.5,-44.5,5.));
#165 = LINE('',#166,#167);
#166 = CARTESIAN_POINT('',(-37.5,-44.5,5.));
#167 = VECTOR('',#168,1.);
#168 = DIRECTION('',(1.,0.,0.));
#169 = ORIENTED_EDGE('',*,*,#170,.F.);
#170 = EDGE_CURVE('',#58,#163,#171,.T.);
#171 = CIRCLE('',#172,0.5);
#172 = AXIS2_PLACEMENT_3D('',#173,#174,#175);
#173 = CARTESIAN_POINT('',(37.5,-44.5,4.5));
#174 = DIRECTION('',(-1.,0.,0.));
#175 = DIRECTION('',(0.,-1.,0.));
#176 = ORIENTED_EDGE('',*,*,#57,.F.);
#177 = CYLINDRICAL_SURFACE('',#178,0.5);
#178 = AXIS2_PLACEMENT_3D('',#179,#180,#181);
#179 = CARTESIAN_POINT('',(-37.5,-44.5,4.5));
#180 = DIRECTION('',(1.,0.,0.));
#181 = DIRECTION('',(0.,-1.,0.));
#182 = ADVANCED_FACE('',(#183),#210,.T.);
#183 = FACE_BOUND('',#184,.F.);
#184 = EDGE_LOOP('',(#185,#186,#195,#203));
#185 = ORIENTED_EDGE('',*,*,#65,.T.);
#186 = ORIENTED_EDGE('',*,*,#187,.T.);
#187 = EDGE_CURVE('',#58,#188,#190,.T.);
#188 = VERTEX_POINT('',#189);
#189 = CARTESIAN_POINT('',(45.,-37.5,4.5));
#190 = CIRCLE('',#191,7.5);
#191 = AXIS2_PLACEMENT_3D('',#192,#193,#194);
#192 = CARTESIAN_POINT('',(37.5,-37.5,4.5));
#193 = DIRECTION('',(-0.,0.,1.));
#194 = DIRECTION('',(0.,-1.,0.));
#195 = ORIENTED_EDGE('',*,*,#196,.F.);
#196 = EDGE_CURVE('',#197,#188,#199,.T.);
#197 = VERTEX_POINT('',#198);
#198 = CARTESIAN_POINT('',(45.,-37.5,0.5));
#199 = LINE('',#200,#201);
#200 = CARTESIAN_POINT('',(45.,-37.5,0.));
#201 = VECTOR('',#202,1.);
#202 = DIRECTION('',(0.,0.,1.));
#203 = ORIENTED_EDGE('',*,*,#204,.F.);
#204 = EDGE_CURVE('',#66,#197,#205,.T.);
#205 = CIRCLE('',#206,7.5);
#206 = AXIS2_PLACEMENT_3D('',#207,#208,#209);
#207 = CARTESIAN_POINT('',(37.5,-37.5,0.5));
#208 = DIRECTION('',(-0.,0.,1.));
#209 = DIRECTION('',(0.,-1.,0.));
#210 = CYLINDRICAL_SURFACE('',#211,7.5);
#211 = AXIS2_PLACEMENT_3D('',#212,#213,#214);
#212 = CARTESIAN_POINT('',(37.5,-37.5,0.));
#213 = DIRECTION('',(-0.,-0.,-1.));
#214 = DIRECTION('',(1.,0.,0.));
#215 = ADVANCED_FACE('',(#216),#241,.F.);
#216 = FACE_BOUND('',#217,.F.);
#217 = EDGE_LOOP('',(#218,#228,#234,#235));
#218 = ORIENTED_EDGE('',*,*,#219,.T.);
#219 = EDGE_CURVE('',#220,#222,#224,.T.);
#220 = VERTEX_POINT('',#221);
#221 = CARTESIAN_POINT('',(-45.,37.5,0.5));
#222 = VERTEX_POINT('',#223);
#223 = CARTESIAN_POINT('',(-45.,37.5,4.5));
#224 = LINE('',#225,#226);
#225 = CARTESIAN_POINT('',(-45.,37.5,0.));
#226 = VECTOR('',#227,1.);
#227 = DIRECTION('',(0.,0.,1.));
#228 = ORIENTED_EDGE('',*,*,#229,.T.);
#229 = EDGE_CURVE('',#222,#90,#230,.T.);
#230 = LINE('',#231,#232);
#231 = CARTESIAN_POINT('',(-45.,37.5,4.5));
#232 = VECTOR('',#233,1.);
#233 = DIRECTION('',(0.,-1.,0.));
#234 = ORIENTED_EDGE('',*,*,#87,.F.);
#235 = ORIENTED_EDGE('',*,*,#236,.F.);
#236 = EDGE_CURVE('',#220,#88,#237,.T.);
#237 = LINE('',#238,#239);
#238 = CARTESIAN_POINT('',(-45.,37.5,0.5));
#239 = VECTOR('',#240,1.);
#240 = DIRECTION('',(0.,-1.,0.));
#241 = PLANE('',#242);
#242 = AXIS2_PLACEMENT_3D('',#243,#244,#245);
#243 = CARTESIAN_POINT('',(-45.,37.5,0.));
#244 = DIRECTION('',(1.,0.,0.));
#245 = DIRECTION('',(0.,-1.,0.));
#246 = ADVANCED_FACE('',(#247),#267,.T.);
#247 = FACE_BOUND('',#248,.F.);
#248 = EDGE_LOOP('',(#249,#258,#259,#260));
#249 = ORIENTED_EDGE('',*,*,#250,.F.);
#250 = EDGE_CURVE('',#88,#251,#253,.T.);
#251 = VERTEX_POINT('',#252);
#252 = CARTESIAN_POINT('',(-44.5,-37.5,-0.));
#253 = CIRCLE('',#254,0.5);
#254 = AXIS2_PLACEMENT_3D('',#255,#256,#257);
#255 = CARTESIAN_POINT('',(-44.5,-37.5,0.5));
#256 = DIRECTION('',(0.,-1.,0.));
#257 = DIRECTION('',(-1.,0.,0.));
#258 = ORIENTED_EDGE('',*,*,#105,.T.);
#259 = ORIENTED_EDGE('',*,*,#120,.T.);
#260 = ORIENTED_EDGE('',*,*,#261,.F.);
#261 = EDGE_CURVE('',#251,#121,#262,.T.);
#262 = CIRCLE('',#263,7.);
#263 = AXIS2_PLACEMENT_3D('',#264,#265,#266);
#264 = CARTESIAN_POINT('',(-37.5,-37.5,0.));
#265 = DIRECTION('',(0.,0.,1.));
#266 = DIRECTION('',(-1.,0.,0.));
#267 = TOROIDAL_SURFACE('',#268,7.,0.5);
#268 = AXIS2_PLACEMENT_3D('',#269,#270,#271);
#269 = CARTESIAN_POINT('',(-37.5,-37.5,0.5));
#270 = DIRECTION('',(-0.,-0.,-1.));
#271 = DIRECTION('',(-1.,0.,0.));
#272 = ADVANCED_FACE('',(#273),#293,.T.);
#273 = FACE_BOUND('',#274,.T.);
#274 = EDGE_LOOP('',(#275,#284,#285,#286));
#275 = ORIENTED_EDGE('',*,*,#276,.F.);
#276 = EDGE_CURVE('',#90,#277,#279,.T.);
#277 = VERTEX_POINT('',#278);
#278 = CARTESIAN_POINT('',(-44.5,-37.5,5.));
#279 = CIRCLE('',#280,0.5);
#280 = AXIS2_PLACEMENT_3D('',#281,#282,#283);
#281 = CARTESIAN_POINT('',(-44.5,-37.5,4.5));
#282 = DIRECTION('',(0.,1.,-0.));
#283 = DIRECTION('',(-1.,0.,0.));
#284 = ORIENTED_EDGE('',*,*,#97,.T.);
#285 = ORIENTED_EDGE('',*,*,#153,.T.);
#286 = ORIENTED_EDGE('',*,*,#287,.F.);
#287 = EDGE_CURVE('',#277,#154,#288,.T.);
#288 = CIRCLE('',#289,7.);
#289 = AXIS2_PLACEMENT_3D('',#290,#291,#292);
#290 = CARTESIAN_POINT('',(-37.5,-37.5,5.));
#291 = DIRECTION('',(0.,0.,1.));
#292 = DIRECTION('',(-1.,0.,0.));
#293 = TOROIDAL_SURFACE('',#294,7.,0.5);
#294 = AXIS2_PLACEMENT_3D('',#295,#296,#297);
#295 = CARTESIAN_POINT('',(-37.5,-37.5,4.5));
#296 = DIRECTION('',(0.,0.,1.));
#297 = DIRECTION('',(-1.,0.,0.));
#298 = ADVANCED_FACE('',(#299,#352,#363,#374,#385,#396),#407,.F.);
#299 = FACE_BOUND('',#300,.F.);
#300 = EDGE_LOOP('',(#301,#302,#311,#319,#328,#336,#345,#351));
#301 = ORIENTED_EDGE('',*,*,#129,.T.);
#302 = ORIENTED_EDGE('',*,*,#303,.T.);
#303 = EDGE_CURVE('',#130,#304,#306,.T.);
#304 = VERTEX_POINT('',#305);
#305 = CARTESIAN_POINT('',(44.5,-37.5,0.));
#306 = CIRCLE('',#307,7.);
#307 = AXIS2_PLACEMENT_3D('',#308,#309,#310);
#308 = CARTESIAN_POINT('',(37.5,-37.5,0.));
#309 = DIRECTION('',(-0.,0.,1.));
#310 = DIRECTION('',(0.,-1.,0.));
#311 = ORIENTED_EDGE('',*,*,#312,.T.);
#312 = EDGE_CURVE('',#304,#313,#315,.T.);
#313 = VERTEX_POINT('',#314);
#314 = CARTESIAN_POINT('',(44.5,37.5,0.));
#315 = LINE('',#316,#317);
#316 = CARTESIAN_POINT('',(44.5,-37.5,-1.1E-16));
#317 = VECTOR('',#318,1.);
#318 = DIRECTION('',(0.,1.,0.));
#319 = ORIENTED_EDGE('',*,*,#320,.T.);
#320 = EDGE_CURVE('',#313,#321,#323,.T.);
#321 = VERTEX_POINT('',#322);
#322 = CARTESIAN_POINT('',(37.5,44.5,0.));
#323 = CIRCLE('',#324,7.);
#324 = AXIS2_PLACEMENT_3D('',#325,#326,#327);
#325 = CARTESIAN_POINT('',(37.5,37.5,0.));
#326 = DIRECTION('',(0.,0.,1.));
#327 = DIRECTION('',(1.,0.,-0.));
#328 = ORIENTED_EDGE('',*,*,#329,.T.);
#329 = EDGE_CURVE('',#321,#330,#332,.T.);
#330 = VERTEX_POINT('',#331);
#331 = CARTESIAN_POINT('',(-37.5,44.5,0.));
#332 = LINE('',#333,#334);
#333 = CARTESIAN_POINT('',(37.5,44.5,-1.1E-16));
#334 = VECTOR('',#335,1.);
#335 = DIRECTION('',(-1.,0.,0.));
#336 = ORIENTED_EDGE('',*,*,#337,.T.);
#337 = EDGE_CURVE('',#330,#338,#340,.T.);
#338 = VERTEX_POINT('',#339);
#339 = CARTESIAN_POINT('',(-44.5,37.5,0.));
#340 = CIRCLE('',#341,7.);
#341 = AXIS2_PLACEMENT_3D('',#342,#343,#344);
#342 = CARTESIAN_POINT('',(-37.5,37.5,0.));
#343 = DIRECTION('',(0.,-0.,1.));
#344 = DIRECTION('',(0.,1.,0.));
#345 = ORIENTED_EDGE('',*,*,#346,.T.);
#346 = EDGE_CURVE('',#338,#251,#347,.T.);
#347 = LINE('',#348,#349);
#348 = CARTESIAN_POINT('',(-44.5,37.5,-1.1E-16));
#349 = VECTOR('',#350,1.);
#350 = DIRECTION('',(0.,-1.,0.));
#351 = ORIENTED_EDGE('',*,*,#261,.T.);
#352 = FACE_BOUND('',#353,.F.);
#353 = EDGE_LOOP('',(#354));
#354 = ORIENTED_EDGE('',*,*,#355,.F.);
#355 = EDGE_CURVE('',#356,#356,#358,.T.);
#356 = VERTEX_POINT('',#357);
#357 = CARTESIAN_POINT('',(35.5,0.,0.));
#358 = CIRCLE('',#359,35.5);
#359 = AXIS2_PLACEMENT_3D('',#360,#361,#362);
#360 = CARTESIAN_POINT('',(0.,0.,0.));
#361 = DIRECTION('',(0.,0.,1.));
#362 = DIRECTION('',(1.,0.,-0.));
#363 = FACE_BOUND('',#364,.F.);
#364 = EDGE_LOOP('',(#365));
#365 = ORIENTED_EDGE('',*,*,#366,.F.);
#366 = EDGE_CURVE('',#367,#367,#369,.T.);
#367 = VERTEX_POINT('',#368);
#368 = CARTESIAN_POINT('',(-33.,35.75,0.));
#369 = CIRCLE('',#370,2.75);
#370 = AXIS2_PLACEMENT_3D('',#371,#372,#373);
#371 = CARTESIAN_POINT('',(-35.75,35.75,0.));
#372 = DIRECTION('',(0.,0.,1.));
#373 = DIRECTION('',(1.,0.,-0.));
#374 = FACE_BOUND('',#375,.F.);
#375 = EDGE_LOOP('',(#376));
#376 = ORIENTED_EDGE('',*,*,#377,.F.);
#377 = EDGE_CURVE('',#378,#378,#380,.T.);
#378 = VERTEX_POINT('',#379);
#379 = CARTESIAN_POINT('',(38.5,35.75,0.));
#380 = CIRCLE('',#381,2.75);
#381 = AXIS2_PLACEMENT_3D('',#382,#383,#384);
#382 = CARTESIAN_POINT('',(35.75,35.75,0.));
#383 = DIRECTION('',(0.,0.,1.));
#384 = DIRECTION('',(1.,0.,-0.));
#385 = FACE_BOUND('',#386,.F.);
#386 = EDGE_LOOP('',(#387));
#387 = ORIENTED_EDGE('',*,*,#388,.F.);
#388 = EDGE_CURVE('',#389,#389,#391,.T.);
#389 = VERTEX_POINT('',#390);
#390 = CARTESIAN_POINT('',(38.5,-35.75,0.));
#391 = CIRCLE('',#392,2.75);
#392 = AXIS2_PLACEMENT_3D('',#393,#394,#395);
#393 = CARTESIAN_POINT('',(35.75,-35.75,0.));
#394 = DIRECTION('',(0.,0.,1.));
#395 = DIRECTION('',(1.,0.,-0.));
#396 = FACE_BOUND('',#397,.F.);
#397 = EDGE_LOOP('',(#398));
#398 = ORIENTED_EDGE('',*,*,#399,.F.);
#399 = EDGE_CURVE('',#400,#400,#402,.T.);
#400 = VERTEX_POINT('',#401);
#401 = CARTESIAN_POINT('',(-33.,-35.75,0.));
#402 = CIRCLE('',#403,2.75);
#403 = AXIS2_PLACEMENT_3D('',#404,#405,#406);
#404 = CARTESIAN_POINT('',(-35.75,-35.75,0.));
#405 = DIRECTION('',(0.,0.,1.));
#406 = DIRECTION('',(1.,0.,-0.));
#407 = PLANE('',#408);
#408 = AXIS2_PLACEMENT_3D('',#409,#410,#411);
#409 = CARTESIAN_POINT('',(2.214E-14,-1.0085E-13,0.));
#410 = DIRECTION('',(0.,0.,1.));
#411 = DIRECTION('',(1.,0.,0.));
#412 = ADVANCED_FACE('',(#413),#425,.T.);
#413 = FACE_BOUND('',#414,.F.);
#414 = EDGE_LOOP('',(#415,#416,#417,#424));
#415 = ORIENTED_EDGE('',*,*,#137,.F.);
#416 = ORIENTED_EDGE('',*,*,#204,.T.);
#417 = ORIENTED_EDGE('',*,*,#418,.T.);
#418 = EDGE_CURVE('',#197,#304,#419,.T.);
#419 = CIRCLE('',#420,0.5);
#420 = AXIS2_PLACEMENT_3D('',#421,#422,#423);
#421 = CARTESIAN_POINT('',(44.5,-37.5,0.5));
#422 = DIRECTION('',(6.E-17,1.,0.));
#423 = DIRECTION('',(1.,-6.E-17,0.));
#424 = ORIENTED_EDGE('',*,*,#303,.F.);
#425 = TOROIDAL_SURFACE('',#426,7.,0.5);
#426 = AXIS2_PLACEMENT_3D('',#427,#428,#429);
#427 = CARTESIAN_POINT('',(37.5,-37.5,0.5));
#428 = DIRECTION('',(-0.,-0.,-1.));
#429 = DIRECTION('',(0.,-1.,0.));
#430 = ADVANCED_FACE('',(#431,#484,#495,#506,#517,#528),#539,.T.);
#431 = FACE_BOUND('',#432,.T.);
#432 = EDGE_LOOP('',(#433,#434,#443,#451,#460,#468,#477,#483));
#433 = ORIENTED_EDGE('',*,*,#162,.T.);
#434 = ORIENTED_EDGE('',*,*,#435,.T.);
#435 = EDGE_CURVE('',#163,#436,#438,.T.);
#436 = VERTEX_POINT('',#437);
#437 = CARTESIAN_POINT('',(44.5,-37.5,5.));
#438 = CIRCLE('',#439,7.);
#439 = AXIS2_PLACEMENT_3D('',#440,#441,#442);
#440 = CARTESIAN_POINT('',(37.5,-37.5,5.));
#441 = DIRECTION('',(-0.,0.,1.));
#442 = DIRECTION('',(0.,-1.,0.));
#443 = ORIENTED_EDGE('',*,*,#444,.T.);
#444 = EDGE_CURVE('',#436,#445,#447,.T.);
#445 = VERTEX_POINT('',#446);
#446 = CARTESIAN_POINT('',(44.5,37.5,5.));
#447 = LINE('',#448,#449);
#448 = CARTESIAN_POINT('',(44.5,-37.5,5.));
#449 = VECTOR('',#450,1.);
#450 = DIRECTION('',(0.,1.,0.));
#451 = ORIENTED_EDGE('',*,*,#452,.T.);
#452 = EDGE_CURVE('',#445,#453,#455,.T.);
#453 = VERTEX_POINT('',#454);
#454 = CARTESIAN_POINT('',(37.5,44.5,5.));
#455 = CIRCLE('',#456,7.);
#456 = AXIS2_PLACEMENT_3D('',#457,#458,#459);
#457 = CARTESIAN_POINT('',(37.5,37.5,5.));
#458 = DIRECTION('',(0.,0.,1.));
#459 = DIRECTION('',(1.,0.,-0.));
#460 = ORIENTED_EDGE('',*,*,#461,.T.);
#461 = EDGE_CURVE('',#453,#462,#464,.T.);
#462 = VERTEX_POINT('',#463);
#463 = CARTESIAN_POINT('',(-37.5,44.5,5.));
#464 = LINE('',#465,#466);
#465 = CARTESIAN_POINT('',(37.5,44.5,5.));
#466 = VECTOR('',#467,1.);
#467 = DIRECTION('',(-1.,0.,0.));
#468 = ORIENTED_EDGE('',*,*,#469,.T.);
#469 = EDGE_CURVE('',#462,#470,#472,.T.);
#470 = VERTEX_POINT('',#471);
#471 = CARTESIAN_POINT('',(-44.5,37.5,5.));
#472 = CIRCLE('',#473,7.);
#473 = AXIS2_PLACEMENT_3D('',#474,#475,#476);
#474 = CARTESIAN_POINT('',(-37.5,37.5,5.));
#475 = DIRECTION('',(0.,-0.,1.));
#476 = DIRECTION('',(0.,1.,0.));
#477 = ORIENTED_EDGE('',*,*,#478,.T.);
#478 = EDGE_CURVE('',#470,#277,#479,.T.);
#479 = LINE('',#480,#481);
#480 = CARTESIAN_POINT('',(-44.5,37.5,5.));
#481 = VECTOR('',#482,1.);
#482 = DIRECTION('',(0.,-1.,0.));
#483 = ORIENTED_EDGE('',*,*,#287,.T.);
#484 = FACE_BOUND('',#485,.T.);
#485 = EDGE_LOOP('',(#486));
#486 = ORIENTED_EDGE('',*,*,#487,.F.);
#487 = EDGE_CURVE('',#488,#488,#490,.T.);
#488 = VERTEX_POINT('',#489);
#489 = CARTESIAN_POINT('',(-33.,-35.75,5.));
#490 = CIRCLE('',#491,2.75);
#491 = AXIS2_PLACEMENT_3D('',#492,#493,#494);
#492 = CARTESIAN_POINT('',(-35.75,-35.75,5.));
#493 = DIRECTION('',(0.,0.,1.));
#494 = DIRECTION('',(1.,0.,-0.));
#495 = FACE_BOUND('',#496,.T.);
#496 = EDGE_LOOP('',(#497));
#497 = ORIENTED_EDGE('',*,*,#498,.F.);
#498 = EDGE_CURVE('',#499,#499,#501,.T.);
#499 = VERTEX_POINT('',#500);
#500 = CARTESIAN_POINT('',(38.5,-35.75,5.));
#501 = CIRCLE('',#502,2.75);
#502 = AXIS2_PLACEMENT_3D('',#503,#504,#505);
#503 = CARTESIAN_POINT('',(35.75,-35.75,5.));
#504 = DIRECTION('',(0.,0.,1.));
#505 = DIRECTION('',(1.,0.,-0.));
#506 = FACE_BOUND('',#507,.T.);
#507 = EDGE_LOOP('',(#508));
#508 = ORIENTED_EDGE('',*,*,#509,.F.);
#509 = EDGE_CURVE('',#510,#510,#512,.T.);
#510 = VERTEX_POINT('',#511);
#511 = CARTESIAN_POINT('',(-33.,35.75,5.));
#512 = CIRCLE('',#513,2.75);
#513 = AXIS2_PLACEMENT_3D('',#514,#515,#516);
#514 = CARTESIAN_POINT('',(-35.75,35.75,5.));
#515 = DIRECTION('',(0.,0.,1.));
#516 = DIRECTION('',(1.,0.,-0.));
#517 = FACE_BOUND('',#518,.T.);
#518 = EDGE_LOOP('',(#519));
#519 = ORIENTED_EDGE('',*,*,#520,.F.);
#520 = EDGE_CURVE('',#521,#521,#523,.T.);
#521 = VERTEX_POINT('',#522);
#522 = CARTESIAN_POINT('',(39.5,0.,5.));
#523 = CIRCLE('',#524,39.5);
#524 = AXIS2_PLACEMENT_3D('',#525,#526,#527);
#525 = CARTESIAN_POINT('',(0.,0.,5.));
#526 = DIRECTION('',(0.,0.,1.));
#527 = DIRECTION('',(1.,0.,-0.));
#528 = FACE_BOUND('',#529,.T.);
#529 = EDGE_LOOP('',(#530));
#530 = ORIENTED_EDGE('',*,*,#531,.F.);
#531 = EDGE_CURVE('',#532,#532,#534,.T.);
#532 = VERTEX_POINT('',#533);
#533 = CARTESIAN_POINT('',(38.5,35.75,5.));
#534 = CIRCLE('',#535,2.75);
#535 = AXIS2_PLACEMENT_3D('',#536,#537,#538);
#536 = CARTESIAN_POINT('',(35.75,35.75,5.));
#537 = DIRECTION('',(0.,0.,1.));
#538 = DIRECTION('',(1.,0.,-0.));
#539 = PLANE('',#540);
#540 = AXIS2_PLACEMENT_3D('',#541,#542,#543);
#541 = CARTESIAN_POINT('',(2.214E-14,-1.0085E-13,5.));
#542 = DIRECTION('',(0.,0.,1.));
#543 = DIRECTION('',(1.,0.,0.));
#544 = ADVANCED_FACE('',(#545),#557,.T.);
#545 = FACE_BOUND('',#546,.T.);
#546 = EDGE_LOOP('',(#547,#548,#549,#556));
#547 = ORIENTED_EDGE('',*,*,#170,.F.);
#548 = ORIENTED_EDGE('',*,*,#187,.T.);
#549 = ORIENTED_EDGE('',*,*,#550,.T.);
#550 = EDGE_CURVE('',#188,#436,#551,.T.);
#551 = CIRCLE('',#552,0.5);
#552 = AXIS2_PLACEMENT_3D('',#553,#554,#555);
#553 = CARTESIAN_POINT('',(44.5,-37.5,4.5));
#554 = DIRECTION('',(-6.E-17,-1.,0.));
#555 = DIRECTION('',(1.,-6.E-17,0.));
#556 = ORIENTED_EDGE('',*,*,#435,.F.);
#557 = TOROIDAL_SURFACE('',#558,7.,0.5);
#558 = AXIS2_PLACEMENT_3D('',#559,#560,#561);
#559 = CARTESIAN_POINT('',(37.5,-37.5,4.5));
#560 = DIRECTION('',(0.,0.,1.));
#561 = DIRECTION('',(0.,-1.,0.));
#562 = ADVANCED_FACE('',(#563),#588,.F.);
#563 = FACE_BOUND('',#564,.F.);
#564 = EDGE_LOOP('',(#565,#566,#574,#582));
#565 = ORIENTED_EDGE('',*,*,#196,.T.);
#566 = ORIENTED_EDGE('',*,*,#567,.T.);
#567 = EDGE_CURVE('',#188,#568,#570,.T.);
#568 = VERTEX_POINT('',#569);
#569 = CARTESIAN_POINT('',(45.,37.5,4.5));
#570 = LINE('',#571,#572);
#571 = CARTESIAN_POINT('',(45.,-37.5,4.5));
#572 = VECTOR('',#573,1.);
#573 = DIRECTION('',(0.,1.,0.));
#574 = ORIENTED_EDGE('',*,*,#575,.F.);
#575 = EDGE_CURVE('',#576,#568,#578,.T.);
#576 = VERTEX_POINT('',#577);
#577 = CARTESIAN_POINT('',(45.,37.5,0.5));
#578 = LINE('',#579,#580);
#579 = CARTESIAN_POINT('',(45.,37.5,0.));
#580 = VECTOR('',#581,1.);
#581 = DIRECTION('',(0.,0.,1.));
#582 = ORIENTED_EDGE('',*,*,#583,.F.);
#583 = EDGE_CURVE('',#197,#576,#584,.T.);
#584 = LINE('',#585,#586);
#585 = CARTESIAN_POINT('',(45.,-37.5,0.5));
#586 = VECTOR('',#587,1.);
#587 = DIRECTION('',(0.,1.,0.));
#588 = PLANE('',#589);
#589 = AXIS2_PLACEMENT_3D('',#590,#591,#592);
#590 = CARTESIAN_POINT('',(45.,-37.5,0.));
#591 = DIRECTION('',(-1.,0.,0.));
#592 = DIRECTION('',(0.,1.,0.));
#593 = ADVANCED_FACE('',(#594),#621,.T.);
#594 = FACE_BOUND('',#595,.F.);
#595 = EDGE_LOOP('',(#596,#606,#613,#614));
#596 = ORIENTED_EDGE('',*,*,#597,.T.);
#597 = EDGE_CURVE('',#598,#600,#602,.T.);
#598 = VERTEX_POINT('',#599);
#599 = CARTESIAN_POINT('',(-37.5,45.,0.5));
#600 = VERTEX_POINT('',#601);
#601 = CARTESIAN_POINT('',(-37.5,45.,4.5));
#602 = LINE('',#603,#604);
#603 = CARTESIAN_POINT('',(-37.5,45.,0.));
#604 = VECTOR('',#605,1.);
#605 = DIRECTION('',(0.,0.,1.));
#606 = ORIENTED_EDGE('',*,*,#607,.T.);
#607 = EDGE_CURVE('',#600,#222,#608,.T.);
#608 = CIRCLE('',#609,7.5);
#609 = AXIS2_PLACEMENT_3D('',#610,#611,#612);
#610 = CARTESIAN_POINT('',(-37.5,37.5,4.5));
#611 = DIRECTION('',(0.,-0.,1.));
#612 = DIRECTION('',(0.,1.,0.));
#613 = ORIENTED_EDGE('',*,*,#219,.F.);
#614 = ORIENTED_EDGE('',*,*,#615,.F.);
#615 = EDGE_CURVE('',#598,#220,#616,.T.);
#616 = CIRCLE('',#617,7.5);
#617 = AXIS2_PLACEMENT_3D('',#618,#619,#620);
#618 = CARTESIAN_POINT('',(-37.5,37.5,0.5));
#619 = DIRECTION('',(0.,-0.,1.));
#620 = DIRECTION('',(0.,1.,0.));
#621 = CYLINDRICAL_SURFACE('',#622,7.5);
#622 = AXIS2_PLACEMENT_3D('',#623,#624,#625);
#623 = CARTESIAN_POINT('',(-37.5,37.5,0.));
#624 = DIRECTION('',(-0.,-0.,-1.));
#625 = DIRECTION('',(1.,0.,0.));
#626 = ADVANCED_FACE('',(#627),#639,.T.);
#627 = FACE_BOUND('',#628,.T.);
#628 = EDGE_LOOP('',(#629,#636,#637,#638));
#629 = ORIENTED_EDGE('',*,*,#630,.T.);
#630 = EDGE_CURVE('',#220,#338,#631,.T.);
#631 = CIRCLE('',#632,0.5);
#632 = AXIS2_PLACEMENT_3D('',#633,#634,#635);
#633 = CARTESIAN_POINT('',(-44.5,37.5,0.5));
#634 = DIRECTION('',(-6.E-17,-1.,-0.));
#635 = DIRECTION('',(-1.,6.E-17,0.));
#636 = ORIENTED_EDGE('',*,*,#346,.T.);
#637 = ORIENTED_EDGE('',*,*,#250,.F.);
#638 = ORIENTED_EDGE('',*,*,#236,.F.);
#639 = CYLINDRICAL_SURFACE('',#640,0.5);
#640 = AXIS2_PLACEMENT_3D('',#641,#642,#643);
#641 = CARTESIAN_POINT('',(-44.5,37.5,0.5));
#642 = DIRECTION('',(0.,-1.,0.));
#643 = DIRECTION('',(-1.,0.,0.));
#644 = ADVANCED_FACE('',(#645),#657,.T.);
#645 = FACE_BOUND('',#646,.F.);
#646 = EDGE_LOOP('',(#647,#654,#655,#656));
#647 = ORIENTED_EDGE('',*,*,#648,.T.);
#648 = EDGE_CURVE('',#222,#470,#649,.T.);
#649 = CIRCLE('',#650,0.5);
#650 = AXIS2_PLACEMENT_3D('',#651,#652,#653);
#651 = CARTESIAN_POINT('',(-44.5,37.5,4.5));
#652 = DIRECTION('',(6.E-17,1.,-0.));
#653 = DIRECTION('',(-1.,6.E-17,0.));
#654 = ORIENTED_EDGE('',*,*,#478,.T.);
#655 = ORIENTED_EDGE('',*,*,#276,.F.);
#656 = ORIENTED_EDGE('',*,*,#229,.F.);
#657 = CYLINDRICAL_SURFACE('',#658,0.5);
#658 = AXIS2_PLACEMENT_3D('',#659,#660,#661);
#659 = CARTESIAN_POINT('',(-44.5,37.5,4.5));
#660 = DIRECTION('',(0.,-1.,0.));
#661 = DIRECTION('',(-1.,0.,0.));
#662 = ADVANCED_FACE('',(#663),#675,.T.);
#663 = FACE_BOUND('',#664,.T.);
#664 = EDGE_LOOP('',(#665,#666,#667,#674));
#665 = ORIENTED_EDGE('',*,*,#418,.T.);
#666 = ORIENTED_EDGE('',*,*,#312,.T.);
#667 = ORIENTED_EDGE('',*,*,#668,.F.);
#668 = EDGE_CURVE('',#576,#313,#669,.T.);
#669 = CIRCLE('',#670,0.5);
#670 = AXIS2_PLACEMENT_3D('',#671,#672,#673);
#671 = CARTESIAN_POINT('',(44.5,37.5,0.5));
#672 = DIRECTION('',(-0.,1.,0.));
#673 = DIRECTION('',(1.,0.,0.));
#674 = ORIENTED_EDGE('',*,*,#583,.F.);
#675 = CYLINDRICAL_SURFACE('',#676,0.5);
#676 = AXIS2_PLACEMENT_3D('',#677,#678,#679);
#677 = CARTESIAN_POINT('',(44.5,-37.5,0.5));
#678 = DIRECTION('',(0.,1.,0.));
#679 = DIRECTION('',(1.,0.,0.));
#680 = ADVANCED_FACE('',(#681),#693,.T.);
#681 = FACE_BOUND('',#682,.F.);
#682 = EDGE_LOOP('',(#683,#690,#691,#692));
#683 = ORIENTED_EDGE('',*,*,#684,.F.);
#684 = EDGE_CURVE('',#598,#330,#685,.T.);
#685 = CIRCLE('',#686,0.5);
#686 = AXIS2_PLACEMENT_3D('',#687,#688,#689);
#687 = CARTESIAN_POINT('',(-37.5,44.5,0.5));
#688 = DIRECTION('',(-1.,0.,0.));
#689 = DIRECTION('',(0.,1.,0.));
#690 = ORIENTED_EDGE('',*,*,#615,.T.);
#691 = ORIENTED_EDGE('',*,*,#630,.T.);
#692 = ORIENTED_EDGE('',*,*,#337,.F.);
#693 = TOROIDAL_SURFACE('',#694,7.,0.5);
#694 = AXIS2_PLACEMENT_3D('',#695,#696,#697);
#695 = CARTESIAN_POINT('',(-37.5,37.5,0.5));
#696 = DIRECTION('',(-0.,-0.,-1.));
#697 = DIRECTION('',(0.,1.,-0.));
#698 = ADVANCED_FACE('',(#699),#719,.T.);
#699 = FACE_BOUND('',#700,.F.);
#700 = EDGE_LOOP('',(#701,#702,#711,#718));
#701 = ORIENTED_EDGE('',*,*,#668,.F.);
#702 = ORIENTED_EDGE('',*,*,#703,.T.);
#703 = EDGE_CURVE('',#576,#704,#706,.T.);
#704 = VERTEX_POINT('',#705);
#705 = CARTESIAN_POINT('',(37.5,45.,0.5));
#706 = CIRCLE('',#707,7.5);
#707 = AXIS2_PLACEMENT_3D('',#708,#709,#710);
#708 = CARTESIAN_POINT('',(37.5,37.5,0.5));
#709 = DIRECTION('',(0.,0.,1.));
#710 = DIRECTION('',(1.,0.,-0.));
#711 = ORIENTED_EDGE('',*,*,#712,.T.);
#712 = EDGE_CURVE('',#704,#321,#713,.T.);
#713 = CIRCLE('',#714,0.5);
#714 = AXIS2_PLACEMENT_3D('',#715,#716,#717);
#715 = CARTESIAN_POINT('',(37.5,44.5,0.5));
#716 = DIRECTION('',(-1.,2.8E-16,0.));
#717 = DIRECTION('',(2.8E-16,1.,0.));
#718 = ORIENTED_EDGE('',*,*,#320,.F.);
#719 = TOROIDAL_SURFACE('',#720,7.,0.5);
#720 = AXIS2_PLACEMENT_3D('',#721,#722,#723);
#721 = CARTESIAN_POINT('',(37.5,37.5,0.5));
#722 = DIRECTION('',(-0.,-0.,-1.));
#723 = DIRECTION('',(1.,0.,0.));
#724 = ADVANCED_FACE('',(#725),#736,.T.);
#725 = FACE_BOUND('',#726,.T.);
#726 = EDGE_LOOP('',(#727,#728,#729,#730));
#727 = ORIENTED_EDGE('',*,*,#712,.T.);
#728 = ORIENTED_EDGE('',*,*,#329,.T.);
#729 = ORIENTED_EDGE('',*,*,#684,.F.);
#730 = ORIENTED_EDGE('',*,*,#731,.F.);
#731 = EDGE_CURVE('',#704,#598,#732,.T.);
#732 = LINE('',#733,#734);
#733 = CARTESIAN_POINT('',(37.5,45.,0.5));
#734 = VECTOR('',#735,1.);
#735 = DIRECTION('',(-1.,0.,0.));
#736 = CYLINDRICAL_SURFACE('',#737,0.5);
#737 = AXIS2_PLACEMENT_3D('',#738,#739,#740);
#738 = CARTESIAN_POINT('',(37.5,44.5,0.5));
#739 = DIRECTION('',(-1.,0.,0.));
#740 = DIRECTION('',(0.,1.,0.));
#741 = ADVANCED_FACE('',(#742),#762,.T.);
#742 = FACE_BOUND('',#743,.F.);
#743 = EDGE_LOOP('',(#744,#753,#754,#755));
#744 = ORIENTED_EDGE('',*,*,#745,.F.);
#745 = EDGE_CURVE('',#356,#746,#748,.T.);
#746 = VERTEX_POINT('',#747);
#747 = CARTESIAN_POINT('',(35.,0.,0.5));
#748 = CIRCLE('',#749,0.5);
#749 = AXIS2_PLACEMENT_3D('',#750,#751,#752);
#750 = CARTESIAN_POINT('',(35.5,0.,0.5));
#751 = DIRECTION('',(-0.,1.,0.));
#752 = DIRECTION('',(1.,0.,0.));
#753 = ORIENTED_EDGE('',*,*,#355,.F.);
#754 = ORIENTED_EDGE('',*,*,#745,.T.);
#755 = ORIENTED_EDGE('',*,*,#756,.T.);
#756 = EDGE_CURVE('',#746,#746,#757,.T.);
#757 = CIRCLE('',#758,35.);
#758 = AXIS2_PLACEMENT_3D('',#759,#760,#761);
#759 = CARTESIAN_POINT('',(0.,0.,0.5));
#760 = DIRECTION('',(0.,0.,1.));
#761 = DIRECTION('',(1.,0.,-0.));
#762 = TOROIDAL_SURFACE('',#763,35.5,0.5);
#763 = AXIS2_PLACEMENT_3D('',#764,#765,#766);
#764 = CARTESIAN_POINT('',(0.,0.,0.5));
#765 = DIRECTION('',(-0.,-0.,-1.));
#766 = DIRECTION('',(1.,0.,0.));
#767 = ADVANCED_FACE('',(#768),#788,.T.);
#768 = FACE_BOUND('',#769,.F.);
#769 = EDGE_LOOP('',(#770,#779,#780,#781));
#770 = ORIENTED_EDGE('',*,*,#771,.F.);
#771 = EDGE_CURVE('',#367,#772,#774,.T.);
#772 = VERTEX_POINT('',#773);
#773 = CARTESIAN_POINT('',(-33.5,35.75,0.5));
#774 = CIRCLE('',#775,0.5);
#775 = AXIS2_PLACEMENT_3D('',#776,#777,#778);
#776 = CARTESIAN_POINT('',(-33.,35.75,0.5));
#777 = DIRECTION('',(-0.,1.,0.));
#778 = DIRECTION('',(1.,0.,0.));
#779 = ORIENTED_EDGE('',*,*,#366,.F.);
#780 = ORIENTED_EDGE('',*,*,#771,.T.);
#781 = ORIENTED_EDGE('',*,*,#782,.T.);
#782 = EDGE_CURVE('',#772,#772,#783,.T.);
#783 = CIRCLE('',#784,2.25);
#784 = AXIS2_PLACEMENT_3D('',#785,#786,#787);
#785 = CARTESIAN_POINT('',(-35.75,35.75,0.5));
#786 = DIRECTION('',(0.,0.,1.));
#787 = DIRECTION('',(1.,0.,-0.));
#788 = TOROIDAL_SURFACE('',#789,2.75,0.5);
#789 = AXIS2_PLACEMENT_3D('',#790,#791,#792);
#790 = CARTESIAN_POINT('',(-35.75,35.75,0.5));
#791 = DIRECTION('',(-0.,-0.,-1.));
#792 = DIRECTION('',(1.,0.,0.));
#793 = ADVANCED_FACE('',(#794),#814,.T.);
#794 = FACE_BOUND('',#795,.F.);
#795 = EDGE_LOOP('',(#796,#805,#806,#807));
#796 = ORIENTED_EDGE('',*,*,#797,.F.);
#797 = EDGE_CURVE('',#378,#798,#800,.T.);
#798 = VERTEX_POINT('',#799);
#799 = CARTESIAN_POINT('',(38.,35.75,0.5));
#800 = CIRCLE('',#801,0.5);
#801 = AXIS2_PLACEMENT_3D('',#802,#803,#804);
#802 = CARTESIAN_POINT('',(38.5,35.75,0.5));
#803 = DIRECTION('',(-0.,1.,0.));
#804 = DIRECTION('',(1.,0.,0.));
#805 = ORIENTED_EDGE('',*,*,#377,.F.);
#806 = ORIENTED_EDGE('',*,*,#797,.T.);
#807 = ORIENTED_EDGE('',*,*,#808,.T.);
#808 = EDGE_CURVE('',#798,#798,#809,.T.);
#809 = CIRCLE('',#810,2.25);
#810 = AXIS2_PLACEMENT_3D('',#811,#812,#813);
#811 = CARTESIAN_POINT('',(35.75,35.75,0.5));
#812 = DIRECTION('',(0.,0.,1.));
#813 = DIRECTION('',(1.,0.,-0.));
#814 = TOROIDAL_SURFACE('',#815,2.75,0.5);
#815 = AXIS2_PLACEMENT_3D('',#816,#817,#818);
#816 = CARTESIAN_POINT('',(35.75,35.75,0.5));
#817 = DIRECTION('',(-0.,-0.,-1.));
#818 = DIRECTION('',(1.,0.,0.));
#819 = ADVANCED_FACE('',(#820),#840,.T.);
#820 = FACE_BOUND('',#821,.F.);
#821 = EDGE_LOOP('',(#822,#831,#832,#833));
#822 = ORIENTED_EDGE('',*,*,#823,.F.);
#823 = EDGE_CURVE('',#389,#824,#826,.T.);
#824 = VERTEX_POINT('',#825);
#825 = CARTESIAN_POINT('',(38.,-35.75,0.5));
#826 = CIRCLE('',#827,0.5);
#827 = AXIS2_PLACEMENT_3D('',#828,#829,#830);
#828 = CARTESIAN_POINT('',(38.5,-35.75,0.5));
#829 = DIRECTION('',(-0.,1.,0.));
#830 = DIRECTION('',(1.,0.,0.));
#831 = ORIENTED_EDGE('',*,*,#388,.F.);
#832 = ORIENTED_EDGE('',*,*,#823,.T.);
#833 = ORIENTED_EDGE('',*,*,#834,.T.);
#834 = EDGE_CURVE('',#824,#824,#835,.T.);
#835 = CIRCLE('',#836,2.25);
#836 = AXIS2_PLACEMENT_3D('',#837,#838,#839);
#837 = CARTESIAN_POINT('',(35.75,-35.75,0.5));
#838 = DIRECTION('',(0.,0.,1.));
#839 = DIRECTION('',(1.,0.,-0.));
#840 = TOROIDAL_SURFACE('',#841,2.75,0.5);
#841 = AXIS2_PLACEMENT_3D('',#842,#843,#844);
#842 = CARTESIAN_POINT('',(35.75,-35.75,0.5));
#843 = DIRECTION('',(-0.,-0.,-1.));
#844 = DIRECTION('',(1.,0.,0.));
#845 = ADVANCED_FACE('',(#846),#866,.T.);
#846 = FACE_BOUND('',#847,.F.);
#847 = EDGE_LOOP('',(#848,#857,#858,#859));
#848 = ORIENTED_EDGE('',*,*,#849,.F.);
#849 = EDGE_CURVE('',#400,#850,#852,.T.);
#850 = VERTEX_POINT('',#851);
#851 = CARTESIAN_POINT('',(-33.5,-35.75,0.5));
#852 = CIRCLE('',#853,0.5);
#853 = AXIS2_PLACEMENT_3D('',#854,#855,#856);
#854 = CARTESIAN_POINT('',(-33.,-35.75,0.5));
#855 = DIRECTION('',(-0.,1.,0.));
#856 = DIRECTION('',(1.,0.,0.));
#857 = ORIENTED_EDGE('',*,*,#399,.F.);
#858 = ORIENTED_EDGE('',*,*,#849,.T.);
#859 = ORIENTED_EDGE('',*,*,#860,.T.);
#860 = EDGE_CURVE('',#850,#850,#861,.T.);
#861 = CIRCLE('',#862,2.25);
#862 = AXIS2_PLACEMENT_3D('',#863,#864,#865);
#863 = CARTESIAN_POINT('',(-35.75,-35.75,0.5));
#864 = DIRECTION('',(0.,0.,1.));
#865 = DIRECTION('',(1.,0.,-0.));
#866 = TOROIDAL_SURFACE('',#867,2.75,0.5);
#867 = AXIS2_PLACEMENT_3D('',#868,#869,#870);
#868 = CARTESIAN_POINT('',(-35.75,-35.75,0.5));
#869 = DIRECTION('',(-0.,-0.,-1.));
#870 = DIRECTION('',(1.,0.,0.));
#871 = ADVANCED_FACE('',(#872),#884,.T.);
#872 = FACE_BOUND('',#873,.F.);
#873 = EDGE_LOOP('',(#874,#875,#876,#883));
#874 = ORIENTED_EDGE('',*,*,#550,.T.);
#875 = ORIENTED_EDGE('',*,*,#444,.T.);
#876 = ORIENTED_EDGE('',*,*,#877,.F.);
#877 = EDGE_CURVE('',#568,#445,#878,.T.);
#878 = CIRCLE('',#879,0.5);
#879 = AXIS2_PLACEMENT_3D('',#880,#881,#882);
#880 = CARTESIAN_POINT('',(44.5,37.5,4.5));
#881 = DIRECTION('',(0.,-1.,0.));
#882 = DIRECTION('',(1.,0.,0.));
#883 = ORIENTED_EDGE('',*,*,#567,.F.);
#884 = CYLINDRICAL_SURFACE('',#885,0.5);
#885 = AXIS2_PLACEMENT_3D('',#886,#887,#888);
#886 = CARTESIAN_POINT('',(44.5,-37.5,4.5));
#887 = DIRECTION('',(0.,1.,0.));
#888 = DIRECTION('',(1.,0.,0.));
#889 = ADVANCED_FACE('',(#890),#902,.T.);
#890 = FACE_BOUND('',#891,.T.);
#891 = EDGE_LOOP('',(#892,#899,#900,#901));
#892 = ORIENTED_EDGE('',*,*,#893,.F.);
#893 = EDGE_CURVE('',#600,#462,#894,.T.);
#894 = CIRCLE('',#895,0.5);
#895 = AXIS2_PLACEMENT_3D('',#896,#897,#898);
#896 = CARTESIAN_POINT('',(-37.5,44.5,4.5));
#897 = DIRECTION('',(1.,0.,0.));
#898 = DIRECTION('',(-0.,1.,0.));
#899 = ORIENTED_EDGE('',*,*,#607,.T.);
#900 = ORIENTED_EDGE('',*,*,#648,.T.);
#901 = ORIENTED_EDGE('',*,*,#469,.F.);
#902 = TOROIDAL_SURFACE('',#903,7.,0.5);
#903 = AXIS2_PLACEMENT_3D('',#904,#905,#906);
#904 = CARTESIAN_POINT('',(-37.5,37.5,4.5));
#905 = DIRECTION('',(0.,0.,1.));
#906 = DIRECTION('',(0.,1.,0.));
#907 = ADVANCED_FACE('',(#908),#928,.T.);
#908 = FACE_BOUND('',#909,.T.);
#909 = EDGE_LOOP('',(#910,#911,#920,#927));
#910 = ORIENTED_EDGE('',*,*,#877,.F.);
#911 = ORIENTED_EDGE('',*,*,#912,.T.);
#912 = EDGE_CURVE('',#568,#913,#915,.T.);
#913 = VERTEX_POINT('',#914);
#914 = CARTESIAN_POINT('',(37.5,45.,4.5));
#915 = CIRCLE('',#916,7.5);
#916 = AXIS2_PLACEMENT_3D('',#917,#918,#919);
#917 = CARTESIAN_POINT('',(37.5,37.5,4.5));
#918 = DIRECTION('',(0.,0.,1.));
#919 = DIRECTION('',(1.,0.,-0.));
#920 = ORIENTED_EDGE('',*,*,#921,.T.);
#921 = EDGE_CURVE('',#913,#453,#922,.T.);
#922 = CIRCLE('',#923,0.5);
#923 = AXIS2_PLACEMENT_3D('',#924,#925,#926);
#924 = CARTESIAN_POINT('',(37.5,44.5,4.5));
#925 = DIRECTION('',(1.,-2.8E-16,0.));
#926 = DIRECTION('',(2.8E-16,1.,0.));
#927 = ORIENTED_EDGE('',*,*,#452,.F.);
#928 = TOROIDAL_SURFACE('',#929,7.,0.5);
#929 = AXIS2_PLACEMENT_3D('',#930,#931,#932);
#930 = CARTESIAN_POINT('',(37.5,37.5,4.5));
#931 = DIRECTION('',(0.,0.,1.));
#932 = DIRECTION('',(1.,0.,-0.));
#933 = ADVANCED_FACE('',(#934),#945,.T.);
#934 = FACE_BOUND('',#935,.F.);
#935 = EDGE_LOOP('',(#936,#937,#938,#939));
#936 = ORIENTED_EDGE('',*,*,#921,.T.);
#937 = ORIENTED_EDGE('',*,*,#461,.T.);
#938 = ORIENTED_EDGE('',*,*,#893,.F.);
#939 = ORIENTED_EDGE('',*,*,#940,.F.);
#940 = EDGE_CURVE('',#913,#600,#941,.T.);
#941 = LINE('',#942,#943);
#942 = CARTESIAN_POINT('',(37.5,45.,4.5));
#943 = VECTOR('',#944,1.);
#944 = DIRECTION('',(-1.,0.,0.));
#945 = CYLINDRICAL_SURFACE('',#946,0.5);
#946 = AXIS2_PLACEMENT_3D('',#947,#948,#949);
#947 = CARTESIAN_POINT('',(37.5,44.5,4.5));
#948 = DIRECTION('',(-1.,0.,0.));
#949 = DIRECTION('',(0.,1.,0.));
#950 = ADVANCED_FACE('',(#951),#971,.T.);
#951 = FACE_BOUND('',#952,.T.);
#952 = EDGE_LOOP('',(#953,#962,#963,#964));
#953 = ORIENTED_EDGE('',*,*,#954,.F.);
#954 = EDGE_CURVE('',#488,#955,#957,.T.);
#955 = VERTEX_POINT('',#956);
#956 = CARTESIAN_POINT('',(-33.5,-35.75,4.5));
#957 = CIRCLE('',#958,0.5);
#958 = AXIS2_PLACEMENT_3D('',#959,#960,#961);
#959 = CARTESIAN_POINT('',(-33.,-35.75,4.5));
#960 = DIRECTION('',(0.,-1.,0.));
#961 = DIRECTION('',(1.,0.,0.));
#962 = ORIENTED_EDGE('',*,*,#487,.T.);
#963 = ORIENTED_EDGE('',*,*,#954,.T.);
#964 = ORIENTED_EDGE('',*,*,#965,.F.);
#965 = EDGE_CURVE('',#955,#955,#966,.T.);
#966 = CIRCLE('',#967,2.25);
#967 = AXIS2_PLACEMENT_3D('',#968,#969,#970);
#968 = CARTESIAN_POINT('',(-35.75,-35.75,4.5));
#969 = DIRECTION('',(0.,0.,1.));
#970 = DIRECTION('',(1.,0.,-0.));
#971 = TOROIDAL_SURFACE('',#972,2.75,0.5);
#972 = AXIS2_PLACEMENT_3D('',#973,#974,#975);
#973 = CARTESIAN_POINT('',(-35.75,-35.75,4.5));
#974 = DIRECTION('',(0.,0.,1.));
#975 = DIRECTION('',(1.,0.,-0.));
#976 = ADVANCED_FACE('',(#977),#997,.T.);
#977 = FACE_BOUND('',#978,.T.);
#978 = EDGE_LOOP('',(#979,#988,#989,#990));
#979 = ORIENTED_EDGE('',*,*,#980,.F.);
#980 = EDGE_CURVE('',#499,#981,#983,.T.);
#981 = VERTEX_POINT('',#982);
#982 = CARTESIAN_POINT('',(38.,-35.75,4.5));
#983 = CIRCLE('',#984,0.5);
#984 = AXIS2_PLACEMENT_3D('',#985,#986,#987);
#985 = CARTESIAN_POINT('',(38.5,-35.75,4.5));
#986 = DIRECTION('',(0.,-1.,0.));
#987 = DIRECTION('',(1.,0.,0.));
#988 = ORIENTED_EDGE('',*,*,#498,.T.);
#989 = ORIENTED_EDGE('',*,*,#980,.T.);
#990 = ORIENTED_EDGE('',*,*,#991,.F.);
#991 = EDGE_CURVE('',#981,#981,#992,.T.);
#992 = CIRCLE('',#993,2.25);
#993 = AXIS2_PLACEMENT_3D('',#994,#995,#996);
#994 = CARTESIAN_POINT('',(35.75,-35.75,4.5));
#995 = DIRECTION('',(0.,0.,1.));
#996 = DIRECTION('',(1.,0.,-0.));
#997 = TOROIDAL_SURFACE('',#998,2.75,0.5);
#998 = AXIS2_PLACEMENT_3D('',#999,#1000,#1001);
#999 = CARTESIAN_POINT('',(35.75,-35.75,4.5));
#1000 = DIRECTION('',(0.,0.,1.));
#1001 = DIRECTION('',(1.,0.,-0.));
#1002 = ADVANCED_FACE('',(#1003),#1023,.T.);
#1003 = FACE_BOUND('',#1004,.T.);
#1004 = EDGE_LOOP('',(#1005,#1014,#1015,#1016));
#1005 = ORIENTED_EDGE('',*,*,#1006,.F.);
#1006 = EDGE_CURVE('',#510,#1007,#1009,.T.);
#1007 = VERTEX_POINT('',#1008);
#1008 = CARTESIAN_POINT('',(-33.5,35.75,4.5));
#1009 = CIRCLE('',#1010,0.5);
#1010 = AXIS2_PLACEMENT_3D('',#1011,#1012,#1013);
#1011 = CARTESIAN_POINT('',(-33.,35.75,4.5));
#1012 = DIRECTION('',(0.,-1.,0.));
#1013 = DIRECTION('',(1.,0.,0.));
#1014 = ORIENTED_EDGE('',*,*,#509,.T.);
#1015 = ORIENTED_EDGE('',*,*,#1006,.T.);
#1016 = ORIENTED_EDGE('',*,*,#1017,.F.);
#1017 = EDGE_CURVE('',#1007,#1007,#1018,.T.);
#1018 = CIRCLE('',#1019,2.25);
#1019 = AXIS2_PLACEMENT_3D('',#1020,#1021,#1022);
#1020 = CARTESIAN_POINT('',(-35.75,35.75,4.5));
#1021 = DIRECTION('',(0.,0.,1.));
#1022 = DIRECTION('',(1.,0.,-0.));
#1023 = TOROIDAL_SURFACE('',#1024,2.75,0.5);
#1024 = AXIS2_PLACEMENT_3D('',#1025,#1026,#1027);
#1025 = CARTESIAN_POINT('',(-35.75,35.75,4.5));
#1026 = DIRECTION('',(0.,0.,1.));
#1027 = DIRECTION('',(1.,0.,-0.));
#1028 = ADVANCED_FACE('',(#1029),#1049,.F.);
#1029 = FACE_BOUND('',#1030,.T.);
#1030 = EDGE_LOOP('',(#1031,#1040,#1041,#1042));
#1031 = ORIENTED_EDGE('',*,*,#1032,.F.);
#1032 = EDGE_CURVE('',#521,#1033,#1035,.T.);
#1033 = VERTEX_POINT('',#1034);
#1034 = CARTESIAN_POINT('',(39.,0.,5.5));
#1035 = CIRCLE('',#1036,0.5);
#1036 = AXIS2_PLACEMENT_3D('',#1037,#1038,#1039);
#1037 = CARTESIAN_POINT('',(39.5,0.,5.5));
#1038 = DIRECTION('',(-0.,1.,0.));
#1039 = DIRECTION('',(1.,0.,0.));
#1040 = ORIENTED_EDGE('',*,*,#520,.F.);
#1041 = ORIENTED_EDGE('',*,*,#1032,.T.);
#1042 = ORIENTED_EDGE('',*,*,#1043,.T.);
#1043 = EDGE_CURVE('',#1033,#1033,#1044,.T.);
#1044 = CIRCLE('',#1045,39.);
#1045 = AXIS2_PLACEMENT_3D('',#1046,#1047,#1048);
#1046 = CARTESIAN_POINT('',(0.,0.,5.5));
#1047 = DIRECTION('',(0.,0.,1.));
#1048 = DIRECTION('',(1.,0.,-0.));
#1049 = TOROIDAL_SURFACE('',#1050,39.5,0.5);
#1050 = AXIS2_PLACEMENT_3D('',#1051,#1052,#1053);
#1051 = CARTESIAN_POINT('',(0.,0.,5.5));
#1052 = DIRECTION('',(-0.,-0.,-1.));
#1053 = DIRECTION('',(1.,0.,0.));
#1054 = ADVANCED_FACE('',(#1055),#1075,.T.);
#1055 = FACE_BOUND('',#1056,.T.);
#1056 = EDGE_LOOP('',(#1057,#1066,#1067,#1068));
#1057 = ORIENTED_EDGE('',*,*,#1058,.F.);
#1058 = EDGE_CURVE('',#532,#1059,#1061,.T.);
#1059 = VERTEX_POINT('',#1060);
#1060 = CARTESIAN_POINT('',(38.,35.75,4.5));
#1061 = CIRCLE('',#1062,0.5);
#1062 = AXIS2_PLACEMENT_3D('',#1063,#1064,#1065);
#1063 = CARTESIAN_POINT('',(38.5,35.75,4.5));
#1064 = DIRECTION('',(0.,-1.,0.));
#1065 = DIRECTION('',(1.,0.,0.));
#1066 = ORIENTED_EDGE('',*,*,#531,.T.);
#1067 = ORIENTED_EDGE('',*,*,#1058,.T.);
#1068 = ORIENTED_EDGE('',*,*,#1069,.F.);
#1069 = EDGE_CURVE('',#1059,#1059,#1070,.T.);
#1070 = CIRCLE('',#1071,2.25);
#1071 = AXIS2_PLACEMENT_3D('',#1072,#1073,#1074);
#1072 = CARTESIAN_POINT('',(35.75,35.75,4.5));
#1073 = DIRECTION('',(0.,0.,1.));
#1074 = DIRECTION('',(1.,0.,-0.));
#1075 = TOROIDAL_SURFACE('',#1076,2.75,0.5);
#1076 = AXIS2_PLACEMENT_3D('',#1077,#1078,#1079);
#1077 = CARTESIAN_POINT('',(35.75,35.75,4.5));
#1078 = DIRECTION('',(0.,0.,1.));
#1079 = DIRECTION('',(1.,0.,-0.));
#1080 = ADVANCED_FACE('',(#1081),#1092,.T.);
#1081 = FACE_BOUND('',#1082,.F.);
#1082 = EDGE_LOOP('',(#1083,#1084,#1085,#1091));
#1083 = ORIENTED_EDGE('',*,*,#575,.T.);
#1084 = ORIENTED_EDGE('',*,*,#912,.T.);
#1085 = ORIENTED_EDGE('',*,*,#1086,.F.);
#1086 = EDGE_CURVE('',#704,#913,#1087,.T.);
#1087 = LINE('',#1088,#1089);
#1088 = CARTESIAN_POINT('',(37.5,45.,0.));
#1089 = VECTOR('',#1090,1.);
#1090 = DIRECTION('',(0.,0.,1.));
#1091 = ORIENTED_EDGE('',*,*,#703,.F.);
#1092 = CYLINDRICAL_SURFACE('',#1093,7.5);
#1093 = AXIS2_PLACEMENT_3D('',#1094,#1095,#1096);
#1094 = CARTESIAN_POINT('',(37.5,37.5,0.));
#1095 = DIRECTION('',(-0.,-0.,-1.));
#1096 = DIRECTION('',(1.,0.,0.));
#1097 = ADVANCED_FACE('',(#1098),#1104,.F.);
#1098 = FACE_BOUND('',#1099,.F.);
#1099 = EDGE_LOOP('',(#1100,#1101,#1102,#1103));
#1100 = ORIENTED_EDGE('',*,*,#1086,.T.);
#1101 = ORIENTED_EDGE('',*,*,#940,.T.);
#1102 = ORIENTED_EDGE('',*,*,#597,.F.);
#1103 = ORIENTED_EDGE('',*,*,#731,.F.);
#1104 = PLANE('',#1105);
#1105 = AXIS2_PLACEMENT_3D('',#1106,#1107,#1108);
#1106 = CARTESIAN_POINT('',(37.5,45.,0.));
#1107 = DIRECTION('',(0.,-1.,0.));
#1108 = DIRECTION('',(-1.,0.,0.));
#1109 = ADVANCED_FACE('',(#1110),#1128,.F.);
#1110 = FACE_BOUND('',#1111,.T.);
#1111 = EDGE_LOOP('',(#1112,#1119,#1120,#1121));
#1112 = ORIENTED_EDGE('',*,*,#1113,.T.);
#1113 = EDGE_CURVE('',#1114,#746,#1116,.T.);
#1114 = VERTEX_POINT('',#1115);
#1115 = CARTESIAN_POINT('',(35.,0.,55.));
#1116 = B_SPLINE_CURVE_WITH_KNOTS('',1,(#1117,#1118),.UNSPECIFIED.,.F.,
  .F.,(2,2),(-55.,0.),.PIECEWISE_BEZIER_KNOTS.);
#1117 = CARTESIAN_POINT('',(35.,0.,55.));
#1118 = CARTESIAN_POINT('',(35.,0.,0.));
#1119 = ORIENTED_EDGE('',*,*,#756,.F.);
#1120 = ORIENTED_EDGE('',*,*,#1113,.F.);
#1121 = ORIENTED_EDGE('',*,*,#1122,.T.);
#1122 = EDGE_CURVE('',#1114,#1114,#1123,.T.);
#1123 = CIRCLE('',#1124,35.);
#1124 = AXIS2_PLACEMENT_3D('',#1125,#1126,#1127);
#1125 = CARTESIAN_POINT('',(0.,0.,55.));
#1126 = DIRECTION('',(0.,0.,1.));
#1127 = DIRECTION('',(1.,0.,0.));
#1128 = CYLINDRICAL_SURFACE('',#1129,35.);
#1129 = AXIS2_PLACEMENT_3D('',#1130,#1131,#1132);
#1130 = CARTESIAN_POINT('',(0.,0.,0.));
#1131 = DIRECTION('',(-0.,-0.,-1.));
#1132 = DIRECTION('',(1.,0.,0.));
#1133 = ADVANCED_FACE('',(#1134),#1145,.F.);
#1134 = FACE_BOUND('',#1135,.T.);
#1135 = EDGE_LOOP('',(#1136,#1142,#1143,#1144));
#1136 = ORIENTED_EDGE('',*,*,#1137,.T.);
#1137 = EDGE_CURVE('',#772,#1007,#1138,.T.);
#1138 = LINE('',#1139,#1140);
#1139 = CARTESIAN_POINT('',(-33.5,35.75,0.));
#1140 = VECTOR('',#1141,1.);
#1141 = DIRECTION('',(0.,0.,1.));
#1142 = ORIENTED_EDGE('',*,*,#1017,.T.);
#1143 = ORIENTED_EDGE('',*,*,#1137,.F.);
#1144 = ORIENTED_EDGE('',*,*,#782,.F.);
#1145 = CYLINDRICAL_SURFACE('',#1146,2.25);
#1146 = AXIS2_PLACEMENT_3D('',#1147,#1148,#1149);
#1147 = CARTESIAN_POINT('',(-35.75,35.75,0.));
#1148 = DIRECTION('',(-0.,-0.,-1.));
#1149 = DIRECTION('',(1.,0.,0.));
#1150 = ADVANCED_FACE('',(#1151),#1162,.F.);
#1151 = FACE_BOUND('',#1152,.T.);
#1152 = EDGE_LOOP('',(#1153,#1159,#1160,#1161));
#1153 = ORIENTED_EDGE('',*,*,#1154,.T.);
#1154 = EDGE_CURVE('',#798,#1059,#1155,.T.);
#1155 = LINE('',#1156,#1157);
#1156 = CARTESIAN_POINT('',(38.,35.75,0.));
#1157 = VECTOR('',#1158,1.);
#1158 = DIRECTION('',(0.,0.,1.));
#1159 = ORIENTED_EDGE('',*,*,#1069,.T.);
#1160 = ORIENTED_EDGE('',*,*,#1154,.F.);
#1161 = ORIENTED_EDGE('',*,*,#808,.F.);
#1162 = CYLINDRICAL_SURFACE('',#1163,2.25);
#1163 = AXIS2_PLACEMENT_3D('',#1164,#1165,#1166);
#1164 = CARTESIAN_POINT('',(35.75,35.75,0.));
#1165 = DIRECTION('',(-0.,-0.,-1.));
#1166 = DIRECTION('',(1.,0.,0.));
#1167 = ADVANCED_FACE('',(#1168),#1179,.F.);
#1168 = FACE_BOUND('',#1169,.T.);
#1169 = EDGE_LOOP('',(#1170,#1176,#1177,#1178));
#1170 = ORIENTED_EDGE('',*,*,#1171,.T.);
#1171 = EDGE_CURVE('',#824,#981,#1172,.T.);
#1172 = LINE('',#1173,#1174);
#1173 = CARTESIAN_POINT('',(38.,-35.75,0.));
#1174 = VECTOR('',#1175,1.);
#1175 = DIRECTION('',(0.,0.,1.));
#1176 = ORIENTED_EDGE('',*,*,#991,.T.);
#1177 = ORIENTED_EDGE('',*,*,#1171,.F.);
#1178 = ORIENTED_EDGE('',*,*,#834,.F.);
#1179 = CYLINDRICAL_SURFACE('',#1180,2.25);
#1180 = AXIS2_PLACEMENT_3D('',#1181,#1182,#1183);
#1181 = CARTESIAN_POINT('',(35.75,-35.75,0.));
#1182 = DIRECTION('',(-0.,-0.,-1.));
#1183 = DIRECTION('',(1.,0.,0.));
#1184 = ADVANCED_FACE('',(#1185),#1196,.F.);
#1185 = FACE_BOUND('',#1186,.T.);
#1186 = EDGE_LOOP('',(#1187,#1193,#1194,#1195));
#1187 = ORIENTED_EDGE('',*,*,#1188,.T.);
#1188 = EDGE_CURVE('',#850,#955,#1189,.T.);
#1189 = LINE('',#1190,#1191);
#1190 = CARTESIAN_POINT('',(-33.5,-35.75,0.));
#1191 = VECTOR('',#1192,1.);
#1192 = DIRECTION('',(0.,0.,1.));
#1193 = ORIENTED_EDGE('',*,*,#965,.T.);
#1194 = ORIENTED_EDGE('',*,*,#1188,.F.);
#1195 = ORIENTED_EDGE('',*,*,#860,.F.);
#1196 = CYLINDRICAL_SURFACE('',#1197,2.25);
#1197 = AXIS2_PLACEMENT_3D('',#1198,#1199,#1200);
#1198 = CARTESIAN_POINT('',(-35.75,-35.75,0.));
#1199 = DIRECTION('',(-0.,-0.,-1.));
#1200 = DIRECTION('',(1.,0.,0.));
#1201 = ADVANCED_FACE('',(#1202),#1221,.T.);
#1202 = FACE_BOUND('',#1203,.F.);
#1203 = EDGE_LOOP('',(#1204,#1212,#1219,#1220));
#1204 = ORIENTED_EDGE('',*,*,#1205,.T.);
#1205 = EDGE_CURVE('',#1033,#1206,#1208,.T.);
#1206 = VERTEX_POINT('',#1207);
#1207 = CARTESIAN_POINT('',(39.,0.,55.));
#1208 = LINE('',#1209,#1210);
#1209 = CARTESIAN_POINT('',(39.,0.,5.));
#1210 = VECTOR('',#1211,1.);
#1211 = DIRECTION('',(0.,0.,1.));
#1212 = ORIENTED_EDGE('',*,*,#1213,.T.);
#1213 = EDGE_CURVE('',#1206,#1206,#1214,.T.);
#1214 = CIRCLE('',#1215,39.);
#1215 = AXIS2_PLACEMENT_3D('',#1216,#1217,#1218);
#1216 = CARTESIAN_POINT('',(0.,0.,55.));
#1217 = DIRECTION('',(0.,0.,1.));
#1218 = DIRECTION('',(1.,0.,0.));
#1219 = ORIENTED_EDGE('',*,*,#1205,.F.);
#1220 = ORIENTED_EDGE('',*,*,#1043,.F.);
#1221 = CYLINDRICAL_SURFACE('',#1222,39.);
#1222 = AXIS2_PLACEMENT_3D('',#1223,#1224,#1225);
#1223 = CARTESIAN_POINT('',(0.,0.,5.));
#1224 = DIRECTION('',(-0.,-0.,-1.));
#1225 = DIRECTION('',(1.,0.,0.));
#1226 = ADVANCED_FACE('',(#1227,#1230),#1233,.T.);
#1227 = FACE_BOUND('',#1228,.T.);
#1228 = EDGE_LOOP('',(#1229));
#1229 = ORIENTED_EDGE('',*,*,#1213,.T.);
#1230 = FACE_BOUND('',#1231,.F.);
#1231 = EDGE_LOOP('',(#1232));
#1232 = ORIENTED_EDGE('',*,*,#1122,.T.);
#1233 = PLANE('',#1234);
#1234 = AXIS2_PLACEMENT_3D('',#1235,#1236,#1237);
#1235 = CARTESIAN_POINT('',(-3.55E-15,3.4E-16,55.));
#1236 = DIRECTION('',(0.,0.,1.));
#1237 = DIRECTION('',(1.,0.,0.));
#1238 = ( GEOMETRIC_REPRESENTATION_CONTEXT(3) 
GLOBAL_UNCERTAINTY_ASSIGNED_CONTEXT((#1242)) 
GLOBAL_UNIT_ASSIGNED_CONTEXT((#1239,#1240,#1241)) REPRESENTATION_CONTEXT
('Context #1','3D Context with UNIT and UNCERTAINTY') );
#1239 = ( LENGTH_UNIT() NAMED_UNIT(*) SI_UNIT(.MILLI.,.METRE.) );
#1240 = ( NAMED_UNIT(*) PLANE_ANGLE_UNIT() SI_UNIT($,.RADIAN.) );
#1241 = ( NAMED_UNIT(*) SI_UNIT($,.STERADIAN.) SOLID_ANGLE_UNIT() );
#1242 = UNCERTAINTY_MEASURE_WITH_UNIT(LENGTH_MEASURE(5.E-07),#1239,
  'distance_accuracy_value','confusion accuracy');
#1243 = CONTEXT_DEPENDENT_SHAPE_REPRESENTATION(#1244,#1246);
#1244 = ( REPRESENTATION_RELATIONSHIP('','',#40,#10) 
REPRESENTATION_RELATIONSHIP_WITH_TRANSFORMATION(#1245) 
SHAPE_REPRESENTATION_RELATIONSHIP() );
#1245 = ITEM_DEFINED_TRANSFORMATION('','',#11,#15);
#1246 = PRODUCT_DEFINITION_SHAPE('Placement','Placement of an item',
  #1247);
#1247 = NEXT_ASSEMBLY_USAGE_OCCURRENCE('1','HoseConnector001','',#5,#35,
  $);
#1248 = PRODUCT_RELATED_PRODUCT_CATEGORY('part',$,(#37));
#1249 = SHAPE_DEFINITION_REPRESENTATION(#1250,#1256);
#1250 = PRODUCT_DEFINITION_SHAPE('','',#1251);
#1251 = PRODUCT_DEFINITION('design','',#1252,#1255);
#1252 = PRODUCT_DEFINITION_FORMATION('','',#1253);
#1253 = PRODUCT('TentToHose','TentToHose','',(#1254));
#1254 = PRODUCT_CONTEXT('',#2,'mechanical');
#1255 = PRODUCT_DEFINITION_CONTEXT('part definition',#2,'design');
#1256 = ADVANCED_BREP_SHAPE_REPRESENTATION('',(#11,#1257),#1532);
#1257 = MANIFOLD_SOLID_BREP('',#1258);
#1258 = CLOSED_SHELL('',(#1259,#1287,#1312,#1346,#1371,#1401,#1419,#1444
    ,#1470,#1495,#1515));
#1259 = ADVANCED_FACE('',(#1260,#1271),#1282,.F.);
#1260 = FACE_BOUND('',#1261,.T.);
#1261 = EDGE_LOOP('',(#1262));
#1262 = ORIENTED_EDGE('',*,*,#1263,.F.);
#1263 = EDGE_CURVE('',#1264,#1264,#1266,.T.);
#1264 = VERTEX_POINT('',#1265);
#1265 = CARTESIAN_POINT('',(-50.,1.9E-14,42.85));
#1266 = CIRCLE('',#1267,42.85);
#1267 = AXIS2_PLACEMENT_3D('',#1268,#1269,#1270);
#1268 = CARTESIAN_POINT('',(-50.,0.,0.));
#1269 = DIRECTION('',(1.,0.,-0.));
#1270 = DIRECTION('',(0.,4.4E-16,1.));
#1271 = FACE_BOUND('',#1272,.T.);
#1272 = EDGE_LOOP('',(#1273));
#1273 = ORIENTED_EDGE('',*,*,#1274,.F.);
#1274 = EDGE_CURVE('',#1275,#1275,#1277,.T.);
#1275 = VERTEX_POINT('',#1276);
#1276 = CARTESIAN_POINT('',(-50.,-9.E-15,-39.05));
#1277 = CIRCLE('',#1278,39.05);
#1278 = AXIS2_PLACEMENT_3D('',#1279,#1280,#1281);
#1279 = CARTESIAN_POINT('',(-50.,0.,0.));
#1280 = DIRECTION('',(-1.,-0.,-0.));
#1281 = DIRECTION('',(0.,0.,-1.));
#1282 = PLANE('',#1283);
#1283 = AXIS2_PLACEMENT_3D('',#1284,#1285,#1286);
#1284 = CARTESIAN_POINT('',(-50.,0.,0.));
#1285 = DIRECTION('',(1.,0.,0.));
#1286 = DIRECTION('',(0.,4.4E-16,1.));
#1287 = ADVANCED_FACE('',(#1288),#1307,.T.);
#1288 = FACE_BOUND('',#1289,.T.);
#1289 = EDGE_LOOP('',(#1290,#1298,#1299,#1300));
#1290 = ORIENTED_EDGE('',*,*,#1291,.F.);
#1291 = EDGE_CURVE('',#1264,#1292,#1294,.T.);
#1292 = VERTEX_POINT('',#1293);
#1293 = CARTESIAN_POINT('',(-49.8,1.9E-14,43.05));
#1294 = LINE('',#1295,#1296);
#1295 = CARTESIAN_POINT('',(-49.8,1.912E-14,43.05));
#1296 = VECTOR('',#1297,1.);
#1297 = DIRECTION('',(0.707106781187,3.1E-16,0.707106781187));
#1298 = ORIENTED_EDGE('',*,*,#1263,.T.);
#1299 = ORIENTED_EDGE('',*,*,#1291,.T.);
#1300 = ORIENTED_EDGE('',*,*,#1301,.F.);
#1301 = EDGE_CURVE('',#1292,#1292,#1302,.T.);
#1302 = CIRCLE('',#1303,43.05);
#1303 = AXIS2_PLACEMENT_3D('',#1304,#1305,#1306);
#1304 = CARTESIAN_POINT('',(-49.8,0.,0.));
#1305 = DIRECTION('',(1.,0.,-0.));
#1306 = DIRECTION('',(0.,4.4E-16,1.));
#1307 = CONICAL_SURFACE('',#1308,43.05,0.785398163397);
#1308 = AXIS2_PLACEMENT_3D('',#1309,#1310,#1311);
#1309 = CARTESIAN_POINT('',(-49.8,0.,0.));
#1310 = DIRECTION('',(1.,0.,0.));
#1311 = DIRECTION('',(-0.,4.4E-16,1.));
#1312 = ADVANCED_FACE('',(#1313),#1341,.F.);
#1313 = FACE_BOUND('',#1314,.F.);
#1314 = EDGE_LOOP('',(#1315,#1316,#1324,#1333,#1340));
#1315 = ORIENTED_EDGE('',*,*,#1274,.F.);
#1316 = ORIENTED_EDGE('',*,*,#1317,.T.);
#1317 = EDGE_CURVE('',#1275,#1318,#1320,.T.);
#1318 = VERTEX_POINT('',#1319);
#1319 = CARTESIAN_POINT('',(5.E-15,-9.E-15,-39.05));
#1320 = LINE('',#1321,#1322);
#1321 = CARTESIAN_POINT('',(-50.,-8.67E-15,-39.05));
#1322 = VECTOR('',#1323,1.);
#1323 = DIRECTION('',(1.,0.,2.2E-16));
#1324 = ORIENTED_EDGE('',*,*,#1325,.T.);
#1325 = EDGE_CURVE('',#1318,#1326,#1328,.T.);
#1326 = VERTEX_POINT('',#1327);
#1327 = CARTESIAN_POINT('',(-1.6E-14,4.E-15,39.05));
#1328 = CIRCLE('',#1329,39.05);
#1329 = AXIS2_PLACEMENT_3D('',#1330,#1331,#1332);
#1330 = CARTESIAN_POINT('',(0.,0.,1.1E-14));
#1331 = DIRECTION('',(-1.,-0.,-0.));
#1332 = DIRECTION('',(0.,0.,-1.));
#1333 = ORIENTED_EDGE('',*,*,#1334,.T.);
#1334 = EDGE_CURVE('',#1326,#1318,#1335,.T.);
#1335 = CIRCLE('',#1336,39.05);
#1336 = AXIS2_PLACEMENT_3D('',#1337,#1338,#1339);
#1337 = CARTESIAN_POINT('',(0.,0.,1.1E-14));
#1338 = DIRECTION('',(-1.,-0.,-0.));
#1339 = DIRECTION('',(0.,0.,-1.));
#1340 = ORIENTED_EDGE('',*,*,#1317,.F.);
#1341 = CYLINDRICAL_SURFACE('',#1342,39.05);
#1342 = AXIS2_PLACEMENT_3D('',#1343,#1344,#1345);
#1343 = CARTESIAN_POINT('',(-50.,0.,0.));
#1344 = DIRECTION('',(-1.,-0.,-2.2E-16));
#1345 = DIRECTION('',(2.2E-16,-2.2E-16,-1.));
#1346 = ADVANCED_FACE('',(#1347),#1366,.T.);
#1347 = FACE_BOUND('',#1348,.T.);
#1348 = EDGE_LOOP('',(#1349,#1357,#1358,#1359));
#1349 = ORIENTED_EDGE('',*,*,#1350,.F.);
#1350 = EDGE_CURVE('',#1292,#1351,#1353,.T.);
#1351 = VERTEX_POINT('',#1352);
#1352 = CARTESIAN_POINT('',(0.,0.,43.05));
#1353 = LINE('',#1354,#1355);
#1354 = CARTESIAN_POINT('',(-50.,0.,43.05));
#1355 = VECTOR('',#1356,1.);
#1356 = DIRECTION('',(1.,0.,0.));
#1357 = ORIENTED_EDGE('',*,*,#1301,.T.);
#1358 = ORIENTED_EDGE('',*,*,#1350,.T.);
#1359 = ORIENTED_EDGE('',*,*,#1360,.F.);
#1360 = EDGE_CURVE('',#1351,#1351,#1361,.T.);
#1361 = CIRCLE('',#1362,43.05);
#1362 = AXIS2_PLACEMENT_3D('',#1363,#1364,#1365);
#1363 = CARTESIAN_POINT('',(0.,0.,0.));
#1364 = DIRECTION('',(1.,0.,-0.));
#1365 = DIRECTION('',(0.,4.4E-16,1.));
#1366 = CYLINDRICAL_SURFACE('',#1367,43.05);
#1367 = AXIS2_PLACEMENT_3D('',#1368,#1369,#1370);
#1368 = CARTESIAN_POINT('',(-50.,0.,0.));
#1369 = DIRECTION('',(1.,0.,0.));
#1370 = DIRECTION('',(0.,4.4E-16,1.));
#1371 = ADVANCED_FACE('',(#1372),#1396,.F.);
#1372 = FACE_BOUND('',#1373,.T.);
#1373 = EDGE_LOOP('',(#1374,#1375,#1382,#1391));
#1374 = ORIENTED_EDGE('',*,*,#1334,.T.);
#1375 = ORIENTED_EDGE('',*,*,#1376,.T.);
#1376 = EDGE_CURVE('',#1318,#1377,#1379,.T.);
#1377 = VERTEX_POINT('',#1378);
#1378 = CARTESIAN_POINT('',(21.292950000523,-1.6E-14,-46.8));
#1379 = B_SPLINE_CURVE_WITH_KNOTS('',1,(#1380,#1381),.UNSPECIFIED.,.F.,
  .F.,(2,2),(0.,1.),.PIECEWISE_BEZIER_KNOTS.);
#1380 = CARTESIAN_POINT('',(1.57E-15,-8.67E-15,-39.05));
#1381 = CARTESIAN_POINT('',(21.292950000523,-1.612E-14,-46.8));
#1382 = ORIENTED_EDGE('',*,*,#1383,.T.);
#1383 = EDGE_CURVE('',#1377,#1384,#1386,.T.);
#1384 = VERTEX_POINT('',#1385);
#1385 = CARTESIAN_POINT('',(21.292950000523,1.E-14,46.8));
#1386 = CIRCLE('',#1387,46.8);
#1387 = AXIS2_PLACEMENT_3D('',#1388,#1389,#1390);
#1388 = CARTESIAN_POINT('',(21.292950000523,0.,1.4E-14));
#1389 = DIRECTION('',(1.,0.,-0.));
#1390 = DIRECTION('',(0.,0.,1.));
#1391 = ORIENTED_EDGE('',*,*,#1392,.F.);
#1392 = EDGE_CURVE('',#1326,#1384,#1393,.T.);
#1393 = B_SPLINE_CURVE_WITH_KNOTS('',1,(#1394,#1395),.UNSPECIFIED.,.F.,
  .F.,(2,2),(0.,1.),.PIECEWISE_BEZIER_KNOTS.);
#1394 = CARTESIAN_POINT('',(-1.578E-14,3.89E-15,39.05));
#1395 = CARTESIAN_POINT('',(21.292950000523,1.039E-14,46.8));
#1396 = CONICAL_SURFACE('',#1397,39.05,0.349065850403);
#1397 = AXIS2_PLACEMENT_3D('',#1398,#1399,#1400);
#1398 = CARTESIAN_POINT('',(-7.11E-15,0.,0.));
#1399 = DIRECTION('',(1.,0.,2.2E-16));
#1400 = DIRECTION('',(2.2E-16,-2.2E-16,-1.));
#1401 = ADVANCED_FACE('',(#1402),#1414,.F.);
#1402 = FACE_BOUND('',#1403,.T.);
#1403 = EDGE_LOOP('',(#1404,#1405,#1406,#1413));
#1404 = ORIENTED_EDGE('',*,*,#1325,.T.);
#1405 = ORIENTED_EDGE('',*,*,#1392,.T.);
#1406 = ORIENTED_EDGE('',*,*,#1407,.T.);
#1407 = EDGE_CURVE('',#1384,#1377,#1408,.T.);
#1408 = CIRCLE('',#1409,46.8);
#1409 = AXIS2_PLACEMENT_3D('',#1410,#1411,#1412);
#1410 = CARTESIAN_POINT('',(21.292950000523,0.,1.4E-14));
#1411 = DIRECTION('',(1.,0.,-0.));
#1412 = DIRECTION('',(0.,0.,1.));
#1413 = ORIENTED_EDGE('',*,*,#1376,.F.);
#1414 = CONICAL_SURFACE('',#1415,39.05,0.349065850403);
#1415 = AXIS2_PLACEMENT_3D('',#1416,#1417,#1418);
#1416 = CARTESIAN_POINT('',(-7.11E-15,0.,0.));
#1417 = DIRECTION('',(1.,0.,2.2E-16));
#1418 = DIRECTION('',(2.2E-16,-2.2E-16,-1.));
#1419 = ADVANCED_FACE('',(#1420),#1439,.T.);
#1420 = FACE_BOUND('',#1421,.T.);
#1421 = EDGE_LOOP('',(#1422,#1423,#1431,#1438));
#1422 = ORIENTED_EDGE('',*,*,#1360,.T.);
#1423 = ORIENTED_EDGE('',*,*,#1424,.T.);
#1424 = EDGE_CURVE('',#1351,#1425,#1427,.T.);
#1425 = VERTEX_POINT('',#1426);
#1426 = CARTESIAN_POINT('',(21.292950000523,0.,50.8));
#1427 = LINE('',#1428,#1429);
#1428 = CARTESIAN_POINT('',(0.,0.,43.05));
#1429 = VECTOR('',#1430,1.);
#1430 = DIRECTION('',(0.939692620785,0.,0.342020143329));
#1431 = ORIENTED_EDGE('',*,*,#1432,.F.);
#1432 = EDGE_CURVE('',#1425,#1425,#1433,.T.);
#1433 = CIRCLE('',#1434,50.8);
#1434 = AXIS2_PLACEMENT_3D('',#1435,#1436,#1437);
#1435 = CARTESIAN_POINT('',(21.292950000523,0.,0.));
#1436 = DIRECTION('',(1.,0.,-0.));
#1437 = DIRECTION('',(0.,4.4E-16,1.));
#1438 = ORIENTED_EDGE('',*,*,#1424,.F.);
#1439 = CONICAL_SURFACE('',#1440,43.05,0.349065850403);
#1440 = AXIS2_PLACEMENT_3D('',#1441,#1442,#1443);
#1441 = CARTESIAN_POINT('',(0.,0.,0.));
#1442 = DIRECTION('',(1.,0.,0.));
#1443 = DIRECTION('',(0.,4.4E-16,1.));
#1444 = ADVANCED_FACE('',(#1445),#1465,.F.);
#1445 = FACE_BOUND('',#1446,.F.);
#1446 = EDGE_LOOP('',(#1447,#1456,#1462,#1463,#1464));
#1447 = ORIENTED_EDGE('',*,*,#1448,.F.);
#1448 = EDGE_CURVE('',#1449,#1449,#1451,.T.);
#1449 = VERTEX_POINT('',#1450);
#1450 = CARTESIAN_POINT('',(86.292950000523,1.E-14,46.8));
#1451 = CIRCLE('',#1452,46.8);
#1452 = AXIS2_PLACEMENT_3D('',#1453,#1454,#1455);
#1453 = CARTESIAN_POINT('',(86.292950000523,0.,0.));
#1454 = DIRECTION('',(1.,0.,-0.));
#1455 = DIRECTION('',(0.,0.,1.));
#1456 = ORIENTED_EDGE('',*,*,#1457,.T.);
#1457 = EDGE_CURVE('',#1449,#1384,#1458,.T.);
#1458 = LINE('',#1459,#1460);
#1459 = CARTESIAN_POINT('',(86.292950000523,1.039E-14,46.8));
#1460 = VECTOR('',#1461,1.);
#1461 = DIRECTION('',(-1.,0.,2.2E-16));
#1462 = ORIENTED_EDGE('',*,*,#1407,.T.);
#1463 = ORIENTED_EDGE('',*,*,#1383,.T.);
#1464 = ORIENTED_EDGE('',*,*,#1457,.F.);
#1465 = CYLINDRICAL_SURFACE('',#1466,46.8);
#1466 = AXIS2_PLACEMENT_3D('',#1467,#1468,#1469);
#1467 = CARTESIAN_POINT('',(86.292950000523,0.,0.));
#1468 = DIRECTION('',(1.,0.,-2.2E-16));
#1469 = DIRECTION('',(2.2E-16,2.2E-16,1.));
#1470 = ADVANCED_FACE('',(#1471),#1490,.T.);
#1471 = FACE_BOUND('',#1472,.T.);
#1472 = EDGE_LOOP('',(#1473,#1481,#1482,#1483));
#1473 = ORIENTED_EDGE('',*,*,#1474,.F.);
#1474 = EDGE_CURVE('',#1425,#1475,#1477,.T.);
#1475 = VERTEX_POINT('',#1476);
#1476 = CARTESIAN_POINT('',(86.092950000523,2.3E-14,50.8));
#1477 = LINE('',#1478,#1479);
#1478 = CARTESIAN_POINT('',(21.292950000523,0.,50.8));
#1479 = VECTOR('',#1480,1.);
#1480 = DIRECTION('',(1.,0.,0.));
#1481 = ORIENTED_EDGE('',*,*,#1432,.T.);
#1482 = ORIENTED_EDGE('',*,*,#1474,.T.);
#1483 = ORIENTED_EDGE('',*,*,#1484,.F.);
#1484 = EDGE_CURVE('',#1475,#1475,#1485,.T.);
#1485 = CIRCLE('',#1486,50.8);
#1486 = AXIS2_PLACEMENT_3D('',#1487,#1488,#1489);
#1487 = CARTESIAN_POINT('',(86.092950000523,0.,0.));
#1488 = DIRECTION('',(1.,0.,-0.));
#1489 = DIRECTION('',(0.,4.4E-16,1.));
#1490 = CYLINDRICAL_SURFACE('',#1491,50.8);
#1491 = AXIS2_PLACEMENT_3D('',#1492,#1493,#1494);
#1492 = CARTESIAN_POINT('',(21.292950000523,0.,0.));
#1493 = DIRECTION('',(1.,0.,0.));
#1494 = DIRECTION('',(0.,4.4E-16,1.));
#1495 = ADVANCED_FACE('',(#1496,#1507),#1510,.T.);
#1496 = FACE_BOUND('',#1497,.T.);
#1497 = EDGE_LOOP('',(#1498));
#1498 = ORIENTED_EDGE('',*,*,#1499,.T.);
#1499 = EDGE_CURVE('',#1500,#1500,#1502,.T.);
#1500 = VERTEX_POINT('',#1501);
#1501 = CARTESIAN_POINT('',(86.292950000523,2.2E-14,50.6));
#1502 = CIRCLE('',#1503,50.6);
#1503 = AXIS2_PLACEMENT_3D('',#1504,#1505,#1506);
#1504 = CARTESIAN_POINT('',(86.292950000523,0.,0.));
#1505 = DIRECTION('',(1.,0.,-0.));
#1506 = DIRECTION('',(0.,4.4E-16,1.));
#1507 = FACE_BOUND('',#1508,.T.);
#1508 = EDGE_LOOP('',(#1509));
#1509 = ORIENTED_EDGE('',*,*,#1448,.F.);
#1510 = PLANE('',#1511);
#1511 = AXIS2_PLACEMENT_3D('',#1512,#1513,#1514);
#1512 = CARTESIAN_POINT('',(86.292950000523,0.,0.));
#1513 = DIRECTION('',(1.,0.,0.));
#1514 = DIRECTION('',(0.,4.4E-16,1.));
#1515 = ADVANCED_FACE('',(#1516),#1527,.T.);
#1516 = FACE_BOUND('',#1517,.T.);
#1517 = EDGE_LOOP('',(#1518,#1524,#1525,#1526));
#1518 = ORIENTED_EDGE('',*,*,#1519,.F.);
#1519 = EDGE_CURVE('',#1475,#1500,#1520,.T.);
#1520 = LINE('',#1521,#1522);
#1521 = CARTESIAN_POINT('',(86.092950000523,2.256E-14,50.8));
#1522 = VECTOR('',#1523,1.);
#1523 = DIRECTION('',(0.707106781187,-3.1E-16,-0.707106781187));
#1524 = ORIENTED_EDGE('',*,*,#1484,.T.);
#1525 = ORIENTED_EDGE('',*,*,#1519,.T.);
#1526 = ORIENTED_EDGE('',*,*,#1499,.F.);
#1527 = CONICAL_SURFACE('',#1528,50.8,0.785398163397);
#1528 = AXIS2_PLACEMENT_3D('',#1529,#1530,#1531);
#1529 = CARTESIAN_POINT('',(86.092950000523,0.,0.));
#1530 = DIRECTION('',(-1.,-0.,-0.));
#1531 = DIRECTION('',(-0.,4.4E-16,1.));
#1532 = ( GEOMETRIC_REPRESENTATION_CONTEXT(3) 
GLOBAL_UNCERTAINTY_ASSIGNED_CONTEXT((#1536)) 
GLOBAL_UNIT_ASSIGNED_CONTEXT((#1533,#1534,#1535)) REPRESENTATION_CONTEXT
('Context #1','3D Context with UNIT and UNCERTAINTY') );
#1533 = ( LENGTH_UNIT() NAMED_UNIT(*) SI_UNIT(.MILLI.,.METRE.) );
#1534 = ( NAMED_UNIT(*) PLANE_ANGLE_UNIT() SI_UNIT($,.RADIAN.) );
#1535 = ( NAMED_UNIT(*) SI_UNIT($,.STERADIAN.) SOLID_ANGLE_UNIT() );
#1536 = UNCERTAINTY_MEASURE_WITH_UNIT(LENGTH_MEASURE(2.E-07),#1533,
  'distance_accuracy_value','confusion accuracy');
#1537 = CONTEXT_DEPENDENT_SHAPE_REPRESENTATION(#1538,#1540);
#1538 = ( REPRESENTATION_RELATIONSHIP('','',#1256,#10) 
REPRESENTATION_RELATIONSHIP_WITH_TRANSFORMATION(#1539) 
SHAPE_REPRESENTATION_RELATIONSHIP() );
#1539 = ITEM_DEFINED_TRANSFORMATION('','',#11,#19);
#1540 = PRODUCT_DEFINITION_SHAPE('Placement','Placement of an item',
  #1541);
#1541 = NEXT_ASSEMBLY_USAGE_OCCURRENCE('2','70mmTo4in001','',#5,#1251,$
  );
#1542 = PRODUCT_RELATED_PRODUCT_CATEGORY('part',$,(#1253));
#1543 = SHAPE_DEFINITION_REPRESENTATION(#1544,#1550);
#1544 = PRODUCT_DEFINITION_SHAPE('','',#1545);
#1545 = PRODUCT_DEFINITION('design','',#1546,#1549);
#1546 = PRODUCT_DEFINITION_FORMATION('','',#1547);
#1547 = PRODUCT('InsideTentPiece','InsideTentPiece','',(#1548));
#1548 = PRODUCT_CONTEXT('',#2,'mechanical');
#1549 = PRODUCT_DEFINITION_CONTEXT('part definition',#2,'design');
#1550 = ADVANCED_BREP_SHAPE_REPRESENTATION('',(#11,#1551),#2704);
#1551 = MANIFOLD_SOLID_BREP('',#1552);
#1552 = CLOSED_SHELL('',(#1553,#1593,#1626,#1659,#1692,#1725,#1756,#1782
    ,#1808,#1922,#1940,#2054,#2072,#2103,#2136,#2154,#2172,#2190,#2208,
    #2234,#2251,#2277,#2303,#2329,#2355,#2381,#2399,#2417,#2443,#2460,
    #2486,#2512,#2538,#2564,#2590,#2607,#2619,#2636,#2653,#2670,#2687));
#1553 = ADVANCED_FACE('',(#1554),#1588,.F.);
#1554 = FACE_BOUND('',#1555,.F.);
#1555 = EDGE_LOOP('',(#1556,#1566,#1574,#1582));
#1556 = ORIENTED_EDGE('',*,*,#1557,.T.);
#1557 = EDGE_CURVE('',#1558,#1560,#1562,.T.);
#1558 = VERTEX_POINT('',#1559);
#1559 = CARTESIAN_POINT('',(-37.5,-45.,0.1));
#1560 = VERTEX_POINT('',#1561);
#1561 = CARTESIAN_POINT('',(-37.5,-45.,4.9));
#1562 = LINE('',#1563,#1564);
#1563 = CARTESIAN_POINT('',(-37.5,-45.,0.));
#1564 = VECTOR('',#1565,1.);
#1565 = DIRECTION('',(0.,0.,1.));
#1566 = ORIENTED_EDGE('',*,*,#1567,.T.);
#1567 = EDGE_CURVE('',#1560,#1568,#1570,.T.);
#1568 = VERTEX_POINT('',#1569);
#1569 = CARTESIAN_POINT('',(37.5,-45.,4.9));
#1570 = LINE('',#1571,#1572);
#1571 = CARTESIAN_POINT('',(-37.5,-45.,4.9));
#1572 = VECTOR('',#1573,1.);
#1573 = DIRECTION('',(1.,0.,0.));
#1574 = ORIENTED_EDGE('',*,*,#1575,.F.);
#1575 = EDGE_CURVE('',#1576,#1568,#1578,.T.);
#1576 = VERTEX_POINT('',#1577);
#1577 = CARTESIAN_POINT('',(37.5,-45.,0.1));
#1578 = LINE('',#1579,#1580);
#1579 = CARTESIAN_POINT('',(37.5,-45.,0.));
#1580 = VECTOR('',#1581,1.);
#1581 = DIRECTION('',(0.,0.,1.));
#1582 = ORIENTED_EDGE('',*,*,#1583,.F.);
#1583 = EDGE_CURVE('',#1558,#1576,#1584,.T.);
#1584 = LINE('',#1585,#1586);
#1585 = CARTESIAN_POINT('',(-37.5,-45.,1.E-01));
#1586 = VECTOR('',#1587,1.);
#1587 = DIRECTION('',(1.,0.,0.));
#1588 = PLANE('',#1589);
#1589 = AXIS2_PLACEMENT_3D('',#1590,#1591,#1592);
#1590 = CARTESIAN_POINT('',(-37.5,-45.,0.));
#1591 = DIRECTION('',(0.,1.,0.));
#1592 = DIRECTION('',(1.,0.,0.));
#1593 = ADVANCED_FACE('',(#1594),#1621,.T.);
#1594 = FACE_BOUND('',#1595,.F.);
#1595 = EDGE_LOOP('',(#1596,#1606,#1613,#1614));
#1596 = ORIENTED_EDGE('',*,*,#1597,.T.);
#1597 = EDGE_CURVE('',#1598,#1600,#1602,.T.);
#1598 = VERTEX_POINT('',#1599);
#1599 = CARTESIAN_POINT('',(-45.,-37.5,0.1));
#1600 = VERTEX_POINT('',#1601);
#1601 = CARTESIAN_POINT('',(-45.,-37.5,4.9));
#1602 = LINE('',#1603,#1604);
#1603 = CARTESIAN_POINT('',(-45.,-37.5,0.));
#1604 = VECTOR('',#1605,1.);
#1605 = DIRECTION('',(0.,0.,1.));
#1606 = ORIENTED_EDGE('',*,*,#1607,.T.);
#1607 = EDGE_CURVE('',#1600,#1560,#1608,.T.);
#1608 = CIRCLE('',#1609,7.5);
#1609 = AXIS2_PLACEMENT_3D('',#1610,#1611,#1612);
#1610 = CARTESIAN_POINT('',(-37.5,-37.5,4.9));
#1611 = DIRECTION('',(0.,0.,1.));
#1612 = DIRECTION('',(-1.,0.,0.));
#1613 = ORIENTED_EDGE('',*,*,#1557,.F.);
#1614 = ORIENTED_EDGE('',*,*,#1615,.F.);
#1615 = EDGE_CURVE('',#1598,#1558,#1616,.T.);
#1616 = CIRCLE('',#1617,7.5);
#1617 = AXIS2_PLACEMENT_3D('',#1618,#1619,#1620);
#1618 = CARTESIAN_POINT('',(-37.5,-37.5,0.1));
#1619 = DIRECTION('',(0.,0.,1.));
#1620 = DIRECTION('',(-1.,0.,0.));
#1621 = CYLINDRICAL_SURFACE('',#1622,7.5);
#1622 = AXIS2_PLACEMENT_3D('',#1623,#1624,#1625);
#1623 = CARTESIAN_POINT('',(-37.5,-37.5,0.));
#1624 = DIRECTION('',(-0.,-0.,-1.));
#1625 = DIRECTION('',(1.,0.,0.));
#1626 = ADVANCED_FACE('',(#1627),#1654,.T.);
#1627 = FACE_BOUND('',#1628,.T.);
#1628 = EDGE_LOOP('',(#1629,#1638,#1646,#1653));
#1629 = ORIENTED_EDGE('',*,*,#1630,.T.);
#1630 = EDGE_CURVE('',#1558,#1631,#1633,.T.);
#1631 = VERTEX_POINT('',#1632);
#1632 = CARTESIAN_POINT('',(-37.5,-44.9,-0.));
#1633 = CIRCLE('',#1634,0.1);
#1634 = AXIS2_PLACEMENT_3D('',#1635,#1636,#1637);
#1635 = CARTESIAN_POINT('',(-37.5,-44.9,1.E-01));
#1636 = DIRECTION('',(1.,0.,0.));
#1637 = DIRECTION('',(0.,-1.,0.));
#1638 = ORIENTED_EDGE('',*,*,#1639,.T.);
#1639 = EDGE_CURVE('',#1631,#1640,#1642,.T.);
#1640 = VERTEX_POINT('',#1641);
#1641 = CARTESIAN_POINT('',(37.5,-44.9,0.));
#1642 = LINE('',#1643,#1644);
#1643 = CARTESIAN_POINT('',(-37.5,-44.9,-1.E-17));
#1644 = VECTOR('',#1645,1.);
#1645 = DIRECTION('',(1.,0.,0.));
#1646 = ORIENTED_EDGE('',*,*,#1647,.F.);
#1647 = EDGE_CURVE('',#1576,#1640,#1648,.T.);
#1648 = CIRCLE('',#1649,0.1);
#1649 = AXIS2_PLACEMENT_3D('',#1650,#1651,#1652);
#1650 = CARTESIAN_POINT('',(37.5,-44.9,1.E-01));
#1651 = DIRECTION('',(1.,0.,0.));
#1652 = DIRECTION('',(0.,-1.,0.));
#1653 = ORIENTED_EDGE('',*,*,#1583,.F.);
#1654 = CYLINDRICAL_SURFACE('',#1655,0.1);
#1655 = AXIS2_PLACEMENT_3D('',#1656,#1657,#1658);
#1656 = CARTESIAN_POINT('',(-37.5,-44.9,1.E-01));
#1657 = DIRECTION('',(1.,0.,0.));
#1658 = DIRECTION('',(0.,-1.,0.));
#1659 = ADVANCED_FACE('',(#1660),#1687,.T.);
#1660 = FACE_BOUND('',#1661,.F.);
#1661 = EDGE_LOOP('',(#1662,#1671,#1679,#1686));
#1662 = ORIENTED_EDGE('',*,*,#1663,.T.);
#1663 = EDGE_CURVE('',#1560,#1664,#1666,.T.);
#1664 = VERTEX_POINT('',#1665);
#1665 = CARTESIAN_POINT('',(-37.5,-44.9,5.));
#1666 = CIRCLE('',#1667,0.1);
#1667 = AXIS2_PLACEMENT_3D('',#1668,#1669,#1670);
#1668 = CARTESIAN_POINT('',(-37.5,-44.9,4.9));
#1669 = DIRECTION('',(-1.,0.,0.));
#1670 = DIRECTION('',(0.,-1.,0.));
#1671 = ORIENTED_EDGE('',*,*,#1672,.T.);
#1672 = EDGE_CURVE('',#1664,#1673,#1675,.T.);
#1673 = VERTEX_POINT('',#1674);
#1674 = CARTESIAN_POINT('',(37.5,-44.9,5.));
#1675 = LINE('',#1676,#1677);
#1676 = CARTESIAN_POINT('',(-37.5,-44.9,5.));
#1677 = VECTOR('',#1678,1.);
#1678 = DIRECTION('',(1.,0.,0.));
#1679 = ORIENTED_EDGE('',*,*,#1680,.F.);
#1680 = EDGE_CURVE('',#1568,#1673,#1681,.T.);
#1681 = CIRCLE('',#1682,0.1);
#1682 = AXIS2_PLACEMENT_3D('',#1683,#1684,#1685);
#1683 = CARTESIAN_POINT('',(37.5,-44.9,4.9));
#1684 = DIRECTION('',(-1.,0.,0.));
#1685 = DIRECTION('',(0.,-1.,0.));
#1686 = ORIENTED_EDGE('',*,*,#1567,.F.);
#1687 = CYLINDRICAL_SURFACE('',#1688,0.1);
#1688 = AXIS2_PLACEMENT_3D('',#1689,#1690,#1691);
#1689 = CARTESIAN_POINT('',(-37.5,-44.9,4.9));
#1690 = DIRECTION('',(1.,0.,0.));
#1691 = DIRECTION('',(0.,-1.,0.));
#1692 = ADVANCED_FACE('',(#1693),#1720,.T.);
#1693 = FACE_BOUND('',#1694,.F.);
#1694 = EDGE_LOOP('',(#1695,#1696,#1705,#1713));
#1695 = ORIENTED_EDGE('',*,*,#1575,.T.);
#1696 = ORIENTED_EDGE('',*,*,#1697,.T.);
#1697 = EDGE_CURVE('',#1568,#1698,#1700,.T.);
#1698 = VERTEX_POINT('',#1699);
#1699 = CARTESIAN_POINT('',(45.,-37.5,4.9));
#1700 = CIRCLE('',#1701,7.5);
#1701 = AXIS2_PLACEMENT_3D('',#1702,#1703,#1704);
#1702 = CARTESIAN_POINT('',(37.5,-37.5,4.9));
#1703 = DIRECTION('',(-0.,0.,1.));
#1704 = DIRECTION('',(0.,-1.,0.));
#1705 = ORIENTED_EDGE('',*,*,#1706,.F.);
#1706 = EDGE_CURVE('',#1707,#1698,#1709,.T.);
#1707 = VERTEX_POINT('',#1708);
#1708 = CARTESIAN_POINT('',(45.,-37.5,0.1));
#1709 = LINE('',#1710,#1711);
#1710 = CARTESIAN_POINT('',(45.,-37.5,0.));
#1711 = VECTOR('',#1712,1.);
#1712 = DIRECTION('',(0.,0.,1.));
#1713 = ORIENTED_EDGE('',*,*,#1714,.F.);
#1714 = EDGE_CURVE('',#1576,#1707,#1715,.T.);
#1715 = CIRCLE('',#1716,7.5);
#1716 = AXIS2_PLACEMENT_3D('',#1717,#1718,#1719);
#1717 = CARTESIAN_POINT('',(37.5,-37.5,0.1));
#1718 = DIRECTION('',(-0.,0.,1.));
#1719 = DIRECTION('',(0.,-1.,0.));
#1720 = CYLINDRICAL_SURFACE('',#1721,7.5);
#1721 = AXIS2_PLACEMENT_3D('',#1722,#1723,#1724);
#1722 = CARTESIAN_POINT('',(37.5,-37.5,0.));
#1723 = DIRECTION('',(-0.,-0.,-1.));
#1724 = DIRECTION('',(1.,0.,0.));
#1725 = ADVANCED_FACE('',(#1726),#1751,.F.);
#1726 = FACE_BOUND('',#1727,.F.);
#1727 = EDGE_LOOP('',(#1728,#1738,#1744,#1745));
#1728 = ORIENTED_EDGE('',*,*,#1729,.T.);
#1729 = EDGE_CURVE('',#1730,#1732,#1734,.T.);
#1730 = VERTEX_POINT('',#1731);
#1731 = CARTESIAN_POINT('',(-45.,37.5,0.1));
#1732 = VERTEX_POINT('',#1733);
#1733 = CARTESIAN_POINT('',(-45.,37.5,4.9));
#1734 = LINE('',#1735,#1736);
#1735 = CARTESIAN_POINT('',(-45.,37.5,0.));
#1736 = VECTOR('',#1737,1.);
#1737 = DIRECTION('',(0.,0.,1.));
#1738 = ORIENTED_EDGE('',*,*,#1739,.T.);
#1739 = EDGE_CURVE('',#1732,#1600,#1740,.T.);
#1740 = LINE('',#1741,#1742);
#1741 = CARTESIAN_POINT('',(-45.,37.5,4.9));
#1742 = VECTOR('',#1743,1.);
#1743 = DIRECTION('',(0.,-1.,0.));
#1744 = ORIENTED_EDGE('',*,*,#1597,.F.);
#1745 = ORIENTED_EDGE('',*,*,#1746,.F.);
#1746 = EDGE_CURVE('',#1730,#1598,#1747,.T.);
#1747 = LINE('',#1748,#1749);
#1748 = CARTESIAN_POINT('',(-45.,37.5,1.E-01));
#1749 = VECTOR('',#1750,1.);
#1750 = DIRECTION('',(0.,-1.,0.));
#1751 = PLANE('',#1752);
#1752 = AXIS2_PLACEMENT_3D('',#1753,#1754,#1755);
#1753 = CARTESIAN_POINT('',(-45.,37.5,0.));
#1754 = DIRECTION('',(1.,0.,0.));
#1755 = DIRECTION('',(0.,-1.,0.));
#1756 = ADVANCED_FACE('',(#1757),#1777,.T.);
#1757 = FACE_BOUND('',#1758,.F.);
#1758 = EDGE_LOOP('',(#1759,#1768,#1769,#1770));
#1759 = ORIENTED_EDGE('',*,*,#1760,.F.);
#1760 = EDGE_CURVE('',#1598,#1761,#1763,.T.);
#1761 = VERTEX_POINT('',#1762);
#1762 = CARTESIAN_POINT('',(-44.9,-37.5,-0.));
#1763 = CIRCLE('',#1764,0.1);
#1764 = AXIS2_PLACEMENT_3D('',#1765,#1766,#1767);
#1765 = CARTESIAN_POINT('',(-44.9,-37.5,1.E-01));
#1766 = DIRECTION('',(0.,-1.,0.));
#1767 = DIRECTION('',(-1.,0.,0.));
#1768 = ORIENTED_EDGE('',*,*,#1615,.T.);
#1769 = ORIENTED_EDGE('',*,*,#1630,.T.);
#1770 = ORIENTED_EDGE('',*,*,#1771,.F.);
#1771 = EDGE_CURVE('',#1761,#1631,#1772,.T.);
#1772 = CIRCLE('',#1773,7.4);
#1773 = AXIS2_PLACEMENT_3D('',#1774,#1775,#1776);
#1774 = CARTESIAN_POINT('',(-37.5,-37.5,0.));
#1775 = DIRECTION('',(0.,0.,1.));
#1776 = DIRECTION('',(-1.,0.,0.));
#1777 = TOROIDAL_SURFACE('',#1778,7.4,0.1);
#1778 = AXIS2_PLACEMENT_3D('',#1779,#1780,#1781);
#1779 = CARTESIAN_POINT('',(-37.5,-37.5,0.1));
#1780 = DIRECTION('',(-0.,-0.,-1.));
#1781 = DIRECTION('',(-1.,0.,0.));
#1782 = ADVANCED_FACE('',(#1783),#1803,.T.);
#1783 = FACE_BOUND('',#1784,.T.);
#1784 = EDGE_LOOP('',(#1785,#1794,#1795,#1796));
#1785 = ORIENTED_EDGE('',*,*,#1786,.F.);
#1786 = EDGE_CURVE('',#1600,#1787,#1789,.T.);
#1787 = VERTEX_POINT('',#1788);
#1788 = CARTESIAN_POINT('',(-44.9,-37.5,5.));
#1789 = CIRCLE('',#1790,0.1);
#1790 = AXIS2_PLACEMENT_3D('',#1791,#1792,#1793);
#1791 = CARTESIAN_POINT('',(-44.9,-37.5,4.9));
#1792 = DIRECTION('',(0.,1.,-0.));
#1793 = DIRECTION('',(-1.,0.,0.));
#1794 = ORIENTED_EDGE('',*,*,#1607,.T.);
#1795 = ORIENTED_EDGE('',*,*,#1663,.T.);
#1796 = ORIENTED_EDGE('',*,*,#1797,.F.);
#1797 = EDGE_CURVE('',#1787,#1664,#1798,.T.);
#1798 = CIRCLE('',#1799,7.4);
#1799 = AXIS2_PLACEMENT_3D('',#1800,#1801,#1802);
#1800 = CARTESIAN_POINT('',(-37.5,-37.5,5.));
#1801 = DIRECTION('',(0.,0.,1.));
#1802 = DIRECTION('',(-1.,0.,0.));
#1803 = TOROIDAL_SURFACE('',#1804,7.4,0.1);
#1804 = AXIS2_PLACEMENT_3D('',#1805,#1806,#1807);
#1805 = CARTESIAN_POINT('',(-37.5,-37.5,4.9));
#1806 = DIRECTION('',(0.,0.,1.));
#1807 = DIRECTION('',(-1.,0.,0.));
#1808 = ADVANCED_FACE('',(#1809,#1862,#1873,#1884,#1895,#1906),#1917,.F.
  );
#1809 = FACE_BOUND('',#1810,.F.);
#1810 = EDGE_LOOP('',(#1811,#1812,#1821,#1829,#1838,#1846,#1855,#1861));
#1811 = ORIENTED_EDGE('',*,*,#1639,.T.);
#1812 = ORIENTED_EDGE('',*,*,#1813,.T.);
#1813 = EDGE_CURVE('',#1640,#1814,#1816,.T.);
#1814 = VERTEX_POINT('',#1815);
#1815 = CARTESIAN_POINT('',(44.9,-37.5,0.));
#1816 = CIRCLE('',#1817,7.4);
#1817 = AXIS2_PLACEMENT_3D('',#1818,#1819,#1820);
#1818 = CARTESIAN_POINT('',(37.5,-37.5,0.));
#1819 = DIRECTION('',(-0.,0.,1.));
#1820 = DIRECTION('',(0.,-1.,0.));
#1821 = ORIENTED_EDGE('',*,*,#1822,.T.);
#1822 = EDGE_CURVE('',#1814,#1823,#1825,.T.);
#1823 = VERTEX_POINT('',#1824);
#1824 = CARTESIAN_POINT('',(44.9,37.5,0.));
#1825 = LINE('',#1826,#1827);
#1826 = CARTESIAN_POINT('',(44.9,-37.5,-1.E-17));
#1827 = VECTOR('',#1828,1.);
#1828 = DIRECTION('',(0.,1.,0.));
#1829 = ORIENTED_EDGE('',*,*,#1830,.T.);
#1830 = EDGE_CURVE('',#1823,#1831,#1833,.T.);
#1831 = VERTEX_POINT('',#1832);
#1832 = CARTESIAN_POINT('',(37.5,44.9,0.));
#1833 = CIRCLE('',#1834,7.4);
#1834 = AXIS2_PLACEMENT_3D('',#1835,#1836,#1837);
#1835 = CARTESIAN_POINT('',(37.5,37.5,0.));
#1836 = DIRECTION('',(0.,0.,1.));
#1837 = DIRECTION('',(1.,0.,-0.));
#1838 = ORIENTED_EDGE('',*,*,#1839,.T.);
#1839 = EDGE_CURVE('',#1831,#1840,#1842,.T.);
#1840 = VERTEX_POINT('',#1841);
#1841 = CARTESIAN_POINT('',(-37.5,44.9,0.));
#1842 = LINE('',#1843,#1844);
#1843 = CARTESIAN_POINT('',(37.5,44.9,-1.E-17));
#1844 = VECTOR('',#1845,1.);
#1845 = DIRECTION('',(-1.,0.,0.));
#1846 = ORIENTED_EDGE('',*,*,#1847,.T.);
#1847 = EDGE_CURVE('',#1840,#1848,#1850,.T.);
#1848 = VERTEX_POINT('',#1849);
#1849 = CARTESIAN_POINT('',(-44.9,37.5,0.));
#1850 = CIRCLE('',#1851,7.4);
#1851 = AXIS2_PLACEMENT_3D('',#1852,#1853,#1854);
#1852 = CARTESIAN_POINT('',(-37.5,37.5,0.));
#1853 = DIRECTION('',(0.,-0.,1.));
#1854 = DIRECTION('',(0.,1.,0.));
#1855 = ORIENTED_EDGE('',*,*,#1856,.T.);
#1856 = EDGE_CURVE('',#1848,#1761,#1857,.T.);
#1857 = LINE('',#1858,#1859);
#1858 = CARTESIAN_POINT('',(-44.9,37.5,-1.E-17));
#1859 = VECTOR('',#1860,1.);
#1860 = DIRECTION('',(0.,-1.,0.));
#1861 = ORIENTED_EDGE('',*,*,#1771,.T.);
#1862 = FACE_BOUND('',#1863,.F.);
#1863 = EDGE_LOOP('',(#1864));
#1864 = ORIENTED_EDGE('',*,*,#1865,.F.);
#1865 = EDGE_CURVE('',#1866,#1866,#1868,.T.);
#1866 = VERTEX_POINT('',#1867);
#1867 = CARTESIAN_POINT('',(35.1,0.,0.));
#1868 = CIRCLE('',#1869,35.1);
#1869 = AXIS2_PLACEMENT_3D('',#1870,#1871,#1872);
#1870 = CARTESIAN_POINT('',(0.,0.,0.));
#1871 = DIRECTION('',(0.,0.,1.));
#1872 = DIRECTION('',(1.,0.,-0.));
#1873 = FACE_BOUND('',#1874,.F.);
#1874 = EDGE_LOOP('',(#1875));
#1875 = ORIENTED_EDGE('',*,*,#1876,.F.);
#1876 = EDGE_CURVE('',#1877,#1877,#1879,.T.);
#1877 = VERTEX_POINT('',#1878);
#1878 = CARTESIAN_POINT('',(-33.4,35.75,0.));
#1879 = CIRCLE('',#1880,2.35);
#1880 = AXIS2_PLACEMENT_3D('',#1881,#1882,#1883);
#1881 = CARTESIAN_POINT('',(-35.75,35.75,0.));
#1882 = DIRECTION('',(0.,0.,1.));
#1883 = DIRECTION('',(1.,0.,-0.));
#1884 = FACE_BOUND('',#1885,.F.);
#1885 = EDGE_LOOP('',(#1886));
#1886 = ORIENTED_EDGE('',*,*,#1887,.F.);
#1887 = EDGE_CURVE('',#1888,#1888,#1890,.T.);
#1888 = VERTEX_POINT('',#1889);
#1889 = CARTESIAN_POINT('',(38.1,35.75,0.));
#1890 = CIRCLE('',#1891,2.35);
#1891 = AXIS2_PLACEMENT_3D('',#1892,#1893,#1894);
#1892 = CARTESIAN_POINT('',(35.75,35.75,0.));
#1893 = DIRECTION('',(0.,0.,1.));
#1894 = DIRECTION('',(1.,0.,-0.));
#1895 = FACE_BOUND('',#1896,.F.);
#1896 = EDGE_LOOP('',(#1897));
#1897 = ORIENTED_EDGE('',*,*,#1898,.F.);
#1898 = EDGE_CURVE('',#1899,#1899,#1901,.T.);
#1899 = VERTEX_POINT('',#1900);
#1900 = CARTESIAN_POINT('',(38.1,-35.75,0.));
#1901 = CIRCLE('',#1902,2.35);
#1902 = AXIS2_PLACEMENT_3D('',#1903,#1904,#1905);
#1903 = CARTESIAN_POINT('',(35.75,-35.75,0.));
#1904 = DIRECTION('',(0.,0.,1.));
#1905 = DIRECTION('',(1.,0.,-0.));
#1906 = FACE_BOUND('',#1907,.F.);
#1907 = EDGE_LOOP('',(#1908));
#1908 = ORIENTED_EDGE('',*,*,#1909,.F.);
#1909 = EDGE_CURVE('',#1910,#1910,#1912,.T.);
#1910 = VERTEX_POINT('',#1911);
#1911 = CARTESIAN_POINT('',(-33.4,-35.75,0.));
#1912 = CIRCLE('',#1913,2.35);
#1913 = AXIS2_PLACEMENT_3D('',#1914,#1915,#1916);
#1914 = CARTESIAN_POINT('',(-35.75,-35.75,0.));
#1915 = DIRECTION('',(0.,0.,1.));
#1916 = DIRECTION('',(1.,0.,-0.));
#1917 = PLANE('',#1918);
#1918 = AXIS2_PLACEMENT_3D('',#1919,#1920,#1921);
#1919 = CARTESIAN_POINT('',(2.214E-14,-1.0085E-13,0.));
#1920 = DIRECTION('',(0.,0.,1.));
#1921 = DIRECTION('',(1.,0.,0.));
#1922 = ADVANCED_FACE('',(#1923),#1935,.T.);
#1923 = FACE_BOUND('',#1924,.F.);
#1924 = EDGE_LOOP('',(#1925,#1926,#1927,#1934));
#1925 = ORIENTED_EDGE('',*,*,#1647,.F.);
#1926 = ORIENTED_EDGE('',*,*,#1714,.T.);
#1927 = ORIENTED_EDGE('',*,*,#1928,.T.);
#1928 = EDGE_CURVE('',#1707,#1814,#1929,.T.);
#1929 = CIRCLE('',#1930,0.1);
#1930 = AXIS2_PLACEMENT_3D('',#1931,#1932,#1933);
#1931 = CARTESIAN_POINT('',(44.9,-37.5,0.1));
#1932 = DIRECTION('',(6.E-17,1.,0.));
#1933 = DIRECTION('',(1.,-6.E-17,0.));
#1934 = ORIENTED_EDGE('',*,*,#1813,.F.);
#1935 = TOROIDAL_SURFACE('',#1936,7.4,0.1);
#1936 = AXIS2_PLACEMENT_3D('',#1937,#1938,#1939);
#1937 = CARTESIAN_POINT('',(37.5,-37.5,0.1));
#1938 = DIRECTION('',(-0.,-0.,-1.));
#1939 = DIRECTION('',(0.,-1.,0.));
#1940 = ADVANCED_FACE('',(#1941,#1994,#2005,#2016,#2027,#2038),#2049,.T.
  );
#1941 = FACE_BOUND('',#1942,.T.);
#1942 = EDGE_LOOP('',(#1943,#1944,#1953,#1961,#1970,#1978,#1987,#1993));
#1943 = ORIENTED_EDGE('',*,*,#1672,.T.);
#1944 = ORIENTED_EDGE('',*,*,#1945,.T.);
#1945 = EDGE_CURVE('',#1673,#1946,#1948,.T.);
#1946 = VERTEX_POINT('',#1947);
#1947 = CARTESIAN_POINT('',(44.9,-37.5,5.));
#1948 = CIRCLE('',#1949,7.4);
#1949 = AXIS2_PLACEMENT_3D('',#1950,#1951,#1952);
#1950 = CARTESIAN_POINT('',(37.5,-37.5,5.));
#1951 = DIRECTION('',(-0.,0.,1.));
#1952 = DIRECTION('',(0.,-1.,0.));
#1953 = ORIENTED_EDGE('',*,*,#1954,.T.);
#1954 = EDGE_CURVE('',#1946,#1955,#1957,.T.);
#1955 = VERTEX_POINT('',#1956);
#1956 = CARTESIAN_POINT('',(44.9,37.5,5.));
#1957 = LINE('',#1958,#1959);
#1958 = CARTESIAN_POINT('',(44.9,-37.5,5.));
#1959 = VECTOR('',#1960,1.);
#1960 = DIRECTION('',(0.,1.,0.));
#1961 = ORIENTED_EDGE('',*,*,#1962,.T.);
#1962 = EDGE_CURVE('',#1955,#1963,#1965,.T.);
#1963 = VERTEX_POINT('',#1964);
#1964 = CARTESIAN_POINT('',(37.5,44.9,5.));
#1965 = CIRCLE('',#1966,7.4);
#1966 = AXIS2_PLACEMENT_3D('',#1967,#1968,#1969);
#1967 = CARTESIAN_POINT('',(37.5,37.5,5.));
#1968 = DIRECTION('',(0.,0.,1.));
#1969 = DIRECTION('',(1.,0.,-0.));
#1970 = ORIENTED_EDGE('',*,*,#1971,.T.);
#1971 = EDGE_CURVE('',#1963,#1972,#1974,.T.);
#1972 = VERTEX_POINT('',#1973);
#1973 = CARTESIAN_POINT('',(-37.5,44.9,5.));
#1974 = LINE('',#1975,#1976);
#1975 = CARTESIAN_POINT('',(37.5,44.9,5.));
#1976 = VECTOR('',#1977,1.);
#1977 = DIRECTION('',(-1.,0.,0.));
#1978 = ORIENTED_EDGE('',*,*,#1979,.T.);
#1979 = EDGE_CURVE('',#1972,#1980,#1982,.T.);
#1980 = VERTEX_POINT('',#1981);
#1981 = CARTESIAN_POINT('',(-44.9,37.5,5.));
#1982 = CIRCLE('',#1983,7.4);
#1983 = AXIS2_PLACEMENT_3D('',#1984,#1985,#1986);
#1984 = CARTESIAN_POINT('',(-37.5,37.5,5.));
#1985 = DIRECTION('',(0.,-0.,1.));
#1986 = DIRECTION('',(0.,1.,0.));
#1987 = ORIENTED_EDGE('',*,*,#1988,.T.);
#1988 = EDGE_CURVE('',#1980,#1787,#1989,.T.);
#1989 = LINE('',#1990,#1991);
#1990 = CARTESIAN_POINT('',(-44.9,37.5,5.));
#1991 = VECTOR('',#1992,1.);
#1992 = DIRECTION('',(0.,-1.,0.));
#1993 = ORIENTED_EDGE('',*,*,#1797,.T.);
#1994 = FACE_BOUND('',#1995,.T.);
#1995 = EDGE_LOOP('',(#1996));
#1996 = ORIENTED_EDGE('',*,*,#1997,.F.);
#1997 = EDGE_CURVE('',#1998,#1998,#2000,.T.);
#1998 = VERTEX_POINT('',#1999);
#1999 = CARTESIAN_POINT('',(35.1,0.,5.));
#2000 = CIRCLE('',#2001,35.1);
#2001 = AXIS2_PLACEMENT_3D('',#2002,#2003,#2004);
#2002 = CARTESIAN_POINT('',(0.,0.,5.));
#2003 = DIRECTION('',(0.,0.,1.));
#2004 = DIRECTION('',(1.,0.,-0.));
#2005 = FACE_BOUND('',#2006,.T.);
#2006 = EDGE_LOOP('',(#2007));
#2007 = ORIENTED_EDGE('',*,*,#2008,.F.);
#2008 = EDGE_CURVE('',#2009,#2009,#2011,.T.);
#2009 = VERTEX_POINT('',#2010);
#2010 = CARTESIAN_POINT('',(-33.4,35.75,5.));
#2011 = CIRCLE('',#2012,2.35);
#2012 = AXIS2_PLACEMENT_3D('',#2013,#2014,#2015);
#2013 = CARTESIAN_POINT('',(-35.75,35.75,5.));
#2014 = DIRECTION('',(0.,0.,1.));
#2015 = DIRECTION('',(1.,0.,-0.));
#2016 = FACE_BOUND('',#2017,.T.);
#2017 = EDGE_LOOP('',(#2018));
#2018 = ORIENTED_EDGE('',*,*,#2019,.F.);
#2019 = EDGE_CURVE('',#2020,#2020,#2022,.T.);
#2020 = VERTEX_POINT('',#2021);
#2021 = CARTESIAN_POINT('',(38.1,35.75,5.));
#2022 = CIRCLE('',#2023,2.35);
#2023 = AXIS2_PLACEMENT_3D('',#2024,#2025,#2026);
#2024 = CARTESIAN_POINT('',(35.75,35.75,5.));
#2025 = DIRECTION('',(0.,0.,1.));
#2026 = DIRECTION('',(1.,0.,-0.));
#2027 = FACE_BOUND('',#2028,.T.);
#2028 = EDGE_LOOP('',(#2029));
#2029 = ORIENTED_EDGE('',*,*,#2030,.F.);
#2030 = EDGE_CURVE('',#2031,#2031,#2033,.T.);
#2031 = VERTEX_POINT('',#2032);
#2032 = CARTESIAN_POINT('',(38.1,-35.75,5.));
#2033 = CIRCLE('',#2034,2.35);
#2034 = AXIS2_PLACEMENT_3D('',#2035,#2036,#2037);
#2035 = CARTESIAN_POINT('',(35.75,-35.75,5.));
#2036 = DIRECTION('',(0.,0.,1.));
#2037 = DIRECTION('',(1.,0.,-0.));
#2038 = FACE_BOUND('',#2039,.T.);
#2039 = EDGE_LOOP('',(#2040));
#2040 = ORIENTED_EDGE('',*,*,#2041,.F.);
#2041 = EDGE_CURVE('',#2042,#2042,#2044,.T.);
#2042 = VERTEX_POINT('',#2043);
#2043 = CARTESIAN_POINT('',(-33.4,-35.75,5.));
#2044 = CIRCLE('',#2045,2.35);
#2045 = AXIS2_PLACEMENT_3D('',#2046,#2047,#2048);
#2046 = CARTESIAN_POINT('',(-35.75,-35.75,5.));
#2047 = DIRECTION('',(0.,0.,1.));
#2048 = DIRECTION('',(1.,0.,-0.));
#2049 = PLANE('',#2050);
#2050 = AXIS2_PLACEMENT_3D('',#2051,#2052,#2053);
#2051 = CARTESIAN_POINT('',(2.214E-14,-1.0085E-13,5.));
#2052 = DIRECTION('',(0.,0.,1.));
#2053 = DIRECTION('',(1.,0.,0.));
#2054 = ADVANCED_FACE('',(#2055),#2067,.T.);
#2055 = FACE_BOUND('',#2056,.T.);
#2056 = EDGE_LOOP('',(#2057,#2058,#2059,#2066));
#2057 = ORIENTED_EDGE('',*,*,#1680,.F.);
#2058 = ORIENTED_EDGE('',*,*,#1697,.T.);
#2059 = ORIENTED_EDGE('',*,*,#2060,.T.);
#2060 = EDGE_CURVE('',#1698,#1946,#2061,.T.);
#2061 = CIRCLE('',#2062,0.1);
#2062 = AXIS2_PLACEMENT_3D('',#2063,#2064,#2065);
#2063 = CARTESIAN_POINT('',(44.9,-37.5,4.9));
#2064 = DIRECTION('',(-6.E-17,-1.,0.));
#2065 = DIRECTION('',(1.,-6.E-17,0.));
#2066 = ORIENTED_EDGE('',*,*,#1945,.F.);
#2067 = TOROIDAL_SURFACE('',#2068,7.4,0.1);
#2068 = AXIS2_PLACEMENT_3D('',#2069,#2070,#2071);
#2069 = CARTESIAN_POINT('',(37.5,-37.5,4.9));
#2070 = DIRECTION('',(0.,0.,1.));
#2071 = DIRECTION('',(0.,-1.,0.));
#2072 = ADVANCED_FACE('',(#2073),#2098,.F.);
#2073 = FACE_BOUND('',#2074,.F.);
#2074 = EDGE_LOOP('',(#2075,#2076,#2084,#2092));
#2075 = ORIENTED_EDGE('',*,*,#1706,.T.);
#2076 = ORIENTED_EDGE('',*,*,#2077,.T.);
#2077 = EDGE_CURVE('',#1698,#2078,#2080,.T.);
#2078 = VERTEX_POINT('',#2079);
#2079 = CARTESIAN_POINT('',(45.,37.5,4.9));
#2080 = LINE('',#2081,#2082);
#2081 = CARTESIAN_POINT('',(45.,-37.5,4.9));
#2082 = VECTOR('',#2083,1.);
#2083 = DIRECTION('',(0.,1.,0.));
#2084 = ORIENTED_EDGE('',*,*,#2085,.F.);
#2085 = EDGE_CURVE('',#2086,#2078,#2088,.T.);
#2086 = VERTEX_POINT('',#2087);
#2087 = CARTESIAN_POINT('',(45.,37.5,0.1));
#2088 = LINE('',#2089,#2090);
#2089 = CARTESIAN_POINT('',(45.,37.5,0.));
#2090 = VECTOR('',#2091,1.);
#2091 = DIRECTION('',(0.,0.,1.));
#2092 = ORIENTED_EDGE('',*,*,#2093,.F.);
#2093 = EDGE_CURVE('',#1707,#2086,#2094,.T.);
#2094 = LINE('',#2095,#2096);
#2095 = CARTESIAN_POINT('',(45.,-37.5,1.E-01));
#2096 = VECTOR('',#2097,1.);
#2097 = DIRECTION('',(0.,1.,0.));
#2098 = PLANE('',#2099);
#2099 = AXIS2_PLACEMENT_3D('',#2100,#2101,#2102);
#2100 = CARTESIAN_POINT('',(45.,-37.5,0.));
#2101 = DIRECTION('',(-1.,0.,0.));
#2102 = DIRECTION('',(0.,1.,0.));
#2103 = ADVANCED_FACE('',(#2104),#2131,.T.);
#2104 = FACE_BOUND('',#2105,.F.);
#2105 = EDGE_LOOP('',(#2106,#2116,#2123,#2124));
#2106 = ORIENTED_EDGE('',*,*,#2107,.T.);
#2107 = EDGE_CURVE('',#2108,#2110,#2112,.T.);
#2108 = VERTEX_POINT('',#2109);
#2109 = CARTESIAN_POINT('',(-37.5,45.,0.1));
#2110 = VERTEX_POINT('',#2111);
#2111 = CARTESIAN_POINT('',(-37.5,45.,4.9));
#2112 = LINE('',#2113,#2114);
#2113 = CARTESIAN_POINT('',(-37.5,45.,0.));
#2114 = VECTOR('',#2115,1.);
#2115 = DIRECTION('',(0.,0.,1.));
#2116 = ORIENTED_EDGE('',*,*,#2117,.T.);
#2117 = EDGE_CURVE('',#2110,#1732,#2118,.T.);
#2118 = CIRCLE('',#2119,7.5);
#2119 = AXIS2_PLACEMENT_3D('',#2120,#2121,#2122);
#2120 = CARTESIAN_POINT('',(-37.5,37.5,4.9));
#2121 = DIRECTION('',(0.,-0.,1.));
#2122 = DIRECTION('',(0.,1.,0.));
#2123 = ORIENTED_EDGE('',*,*,#1729,.F.);
#2124 = ORIENTED_EDGE('',*,*,#2125,.F.);
#2125 = EDGE_CURVE('',#2108,#1730,#2126,.T.);
#2126 = CIRCLE('',#2127,7.5);
#2127 = AXIS2_PLACEMENT_3D('',#2128,#2129,#2130);
#2128 = CARTESIAN_POINT('',(-37.5,37.5,0.1));
#2129 = DIRECTION('',(0.,-0.,1.));
#2130 = DIRECTION('',(0.,1.,0.));
#2131 = CYLINDRICAL_SURFACE('',#2132,7.5);
#2132 = AXIS2_PLACEMENT_3D('',#2133,#2134,#2135);
#2133 = CARTESIAN_POINT('',(-37.5,37.5,0.));
#2134 = DIRECTION('',(-0.,-0.,-1.));
#2135 = DIRECTION('',(1.,0.,0.));
#2136 = ADVANCED_FACE('',(#2137),#2149,.T.);
#2137 = FACE_BOUND('',#2138,.T.);
#2138 = EDGE_LOOP('',(#2139,#2146,#2147,#2148));
#2139 = ORIENTED_EDGE('',*,*,#2140,.T.);
#2140 = EDGE_CURVE('',#1730,#1848,#2141,.T.);
#2141 = CIRCLE('',#2142,0.1);
#2142 = AXIS2_PLACEMENT_3D('',#2143,#2144,#2145);
#2143 = CARTESIAN_POINT('',(-44.9,37.5,0.1));
#2144 = DIRECTION('',(-6.E-17,-1.,-0.));
#2145 = DIRECTION('',(-1.,6.E-17,0.));
#2146 = ORIENTED_EDGE('',*,*,#1856,.T.);
#2147 = ORIENTED_EDGE('',*,*,#1760,.F.);
#2148 = ORIENTED_EDGE('',*,*,#1746,.F.);
#2149 = CYLINDRICAL_SURFACE('',#2150,0.1);
#2150 = AXIS2_PLACEMENT_3D('',#2151,#2152,#2153);
#2151 = CARTESIAN_POINT('',(-44.9,37.5,1.E-01));
#2152 = DIRECTION('',(0.,-1.,0.));
#2153 = DIRECTION('',(-1.,0.,0.));
#2154 = ADVANCED_FACE('',(#2155),#2167,.T.);
#2155 = FACE_BOUND('',#2156,.F.);
#2156 = EDGE_LOOP('',(#2157,#2164,#2165,#2166));
#2157 = ORIENTED_EDGE('',*,*,#2158,.T.);
#2158 = EDGE_CURVE('',#1732,#1980,#2159,.T.);
#2159 = CIRCLE('',#2160,0.1);
#2160 = AXIS2_PLACEMENT_3D('',#2161,#2162,#2163);
#2161 = CARTESIAN_POINT('',(-44.9,37.5,4.9));
#2162 = DIRECTION('',(6.E-17,1.,-0.));
#2163 = DIRECTION('',(-1.,6.E-17,0.));
#2164 = ORIENTED_EDGE('',*,*,#1988,.T.);
#2165 = ORIENTED_EDGE('',*,*,#1786,.F.);
#2166 = ORIENTED_EDGE('',*,*,#1739,.F.);
#2167 = CYLINDRICAL_SURFACE('',#2168,0.1);
#2168 = AXIS2_PLACEMENT_3D('',#2169,#2170,#2171);
#2169 = CARTESIAN_POINT('',(-44.9,37.5,4.9));
#2170 = DIRECTION('',(0.,-1.,0.));
#2171 = DIRECTION('',(-1.,0.,0.));
#2172 = ADVANCED_FACE('',(#2173),#2185,.T.);
#2173 = FACE_BOUND('',#2174,.T.);
#2174 = EDGE_LOOP('',(#2175,#2176,#2177,#2184));
#2175 = ORIENTED_EDGE('',*,*,#1928,.T.);
#2176 = ORIENTED_EDGE('',*,*,#1822,.T.);
#2177 = ORIENTED_EDGE('',*,*,#2178,.F.);
#2178 = EDGE_CURVE('',#2086,#1823,#2179,.T.);
#2179 = CIRCLE('',#2180,0.1);
#2180 = AXIS2_PLACEMENT_3D('',#2181,#2182,#2183);
#2181 = CARTESIAN_POINT('',(44.9,37.5,1.E-01));
#2182 = DIRECTION('',(-0.,1.,0.));
#2183 = DIRECTION('',(1.,0.,0.));
#2184 = ORIENTED_EDGE('',*,*,#2093,.F.);
#2185 = CYLINDRICAL_SURFACE('',#2186,0.1);
#2186 = AXIS2_PLACEMENT_3D('',#2187,#2188,#2189);
#2187 = CARTESIAN_POINT('',(44.9,-37.5,1.E-01));
#2188 = DIRECTION('',(0.,1.,0.));
#2189 = DIRECTION('',(1.,0.,0.));
#2190 = ADVANCED_FACE('',(#2191),#2203,.T.);
#2191 = FACE_BOUND('',#2192,.F.);
#2192 = EDGE_LOOP('',(#2193,#2200,#2201,#2202));
#2193 = ORIENTED_EDGE('',*,*,#2194,.F.);
#2194 = EDGE_CURVE('',#2108,#1840,#2195,.T.);
#2195 = CIRCLE('',#2196,0.1);
#2196 = AXIS2_PLACEMENT_3D('',#2197,#2198,#2199);
#2197 = CARTESIAN_POINT('',(-37.5,44.9,1.E-01));
#2198 = DIRECTION('',(-1.,0.,0.));
#2199 = DIRECTION('',(0.,1.,0.));
#2200 = ORIENTED_EDGE('',*,*,#2125,.T.);
#2201 = ORIENTED_EDGE('',*,*,#2140,.T.);
#2202 = ORIENTED_EDGE('',*,*,#1847,.F.);
#2203 = TOROIDAL_SURFACE('',#2204,7.4,0.1);
#2204 = AXIS2_PLACEMENT_3D('',#2205,#2206,#2207);
#2205 = CARTESIAN_POINT('',(-37.5,37.5,0.1));
#2206 = DIRECTION('',(-0.,-0.,-1.));
#2207 = DIRECTION('',(0.,1.,-0.));
#2208 = ADVANCED_FACE('',(#2209),#2229,.T.);
#2209 = FACE_BOUND('',#2210,.F.);
#2210 = EDGE_LOOP('',(#2211,#2212,#2221,#2228));
#2211 = ORIENTED_EDGE('',*,*,#2178,.F.);
#2212 = ORIENTED_EDGE('',*,*,#2213,.T.);
#2213 = EDGE_CURVE('',#2086,#2214,#2216,.T.);
#2214 = VERTEX_POINT('',#2215);
#2215 = CARTESIAN_POINT('',(37.5,45.,0.1));
#2216 = CIRCLE('',#2217,7.5);
#2217 = AXIS2_PLACEMENT_3D('',#2218,#2219,#2220);
#2218 = CARTESIAN_POINT('',(37.5,37.5,0.1));
#2219 = DIRECTION('',(0.,0.,1.));
#2220 = DIRECTION('',(1.,0.,-0.));
#2221 = ORIENTED_EDGE('',*,*,#2222,.T.);
#2222 = EDGE_CURVE('',#2214,#1831,#2223,.T.);
#2223 = CIRCLE('',#2224,0.1);
#2224 = AXIS2_PLACEMENT_3D('',#2225,#2226,#2227);
#2225 = CARTESIAN_POINT('',(37.5,44.9,0.1));
#2226 = DIRECTION('',(-1.,2.8E-16,0.));
#2227 = DIRECTION('',(2.8E-16,1.,0.));
#2228 = ORIENTED_EDGE('',*,*,#1830,.F.);
#2229 = TOROIDAL_SURFACE('',#2230,7.4,0.1);
#2230 = AXIS2_PLACEMENT_3D('',#2231,#2232,#2233);
#2231 = CARTESIAN_POINT('',(37.5,37.5,0.1));
#2232 = DIRECTION('',(-0.,-0.,-1.));
#2233 = DIRECTION('',(1.,0.,0.));
#2234 = ADVANCED_FACE('',(#2235),#2246,.T.);
#2235 = FACE_BOUND('',#2236,.T.);
#2236 = EDGE_LOOP('',(#2237,#2238,#2239,#2240));
#2237 = ORIENTED_EDGE('',*,*,#2222,.T.);
#2238 = ORIENTED_EDGE('',*,*,#1839,.T.);
#2239 = ORIENTED_EDGE('',*,*,#2194,.F.);
#2240 = ORIENTED_EDGE('',*,*,#2241,.F.);
#2241 = EDGE_CURVE('',#2214,#2108,#2242,.T.);
#2242 = LINE('',#2243,#2244);
#2243 = CARTESIAN_POINT('',(37.5,45.,1.E-01));
#2244 = VECTOR('',#2245,1.);
#2245 = DIRECTION('',(-1.,0.,0.));
#2246 = CYLINDRICAL_SURFACE('',#2247,0.1);
#2247 = AXIS2_PLACEMENT_3D('',#2248,#2249,#2250);
#2248 = CARTESIAN_POINT('',(37.5,44.9,1.E-01));
#2249 = DIRECTION('',(-1.,0.,0.));
#2250 = DIRECTION('',(0.,1.,0.));
#2251 = ADVANCED_FACE('',(#2252),#2272,.T.);
#2252 = FACE_BOUND('',#2253,.T.);
#2253 = EDGE_LOOP('',(#2254,#2263,#2270,#2271));
#2254 = ORIENTED_EDGE('',*,*,#2255,.F.);
#2255 = EDGE_CURVE('',#2256,#1866,#2258,.T.);
#2256 = VERTEX_POINT('',#2257);
#2257 = CARTESIAN_POINT('',(35.,0.,0.1));
#2258 = CIRCLE('',#2259,0.1);
#2259 = AXIS2_PLACEMENT_3D('',#2260,#2261,#2262);
#2260 = CARTESIAN_POINT('',(35.1,0.,0.1));
#2261 = DIRECTION('',(0.,-1.,0.));
#2262 = DIRECTION('',(1.,0.,0.));
#2263 = ORIENTED_EDGE('',*,*,#2264,.T.);
#2264 = EDGE_CURVE('',#2256,#2256,#2265,.T.);
#2265 = CIRCLE('',#2266,35.);
#2266 = AXIS2_PLACEMENT_3D('',#2267,#2268,#2269);
#2267 = CARTESIAN_POINT('',(0.,0.,0.1));
#2268 = DIRECTION('',(0.,0.,1.));
#2269 = DIRECTION('',(1.,0.,-0.));
#2270 = ORIENTED_EDGE('',*,*,#2255,.T.);
#2271 = ORIENTED_EDGE('',*,*,#1865,.F.);
#2272 = TOROIDAL_SURFACE('',#2273,35.1,0.1);
#2273 = AXIS2_PLACEMENT_3D('',#2274,#2275,#2276);
#2274 = CARTESIAN_POINT('',(0.,0.,0.1));
#2275 = DIRECTION('',(0.,0.,1.));
#2276 = DIRECTION('',(1.,0.,-0.));
#2277 = ADVANCED_FACE('',(#2278),#2298,.T.);
#2278 = FACE_BOUND('',#2279,.T.);
#2279 = EDGE_LOOP('',(#2280,#2289,#2296,#2297));
#2280 = ORIENTED_EDGE('',*,*,#2281,.F.);
#2281 = EDGE_CURVE('',#2282,#1877,#2284,.T.);
#2282 = VERTEX_POINT('',#2283);
#2283 = CARTESIAN_POINT('',(-33.5,35.75,0.1));
#2284 = CIRCLE('',#2285,0.1);
#2285 = AXIS2_PLACEMENT_3D('',#2286,#2287,#2288);
#2286 = CARTESIAN_POINT('',(-33.4,35.75,0.1));
#2287 = DIRECTION('',(0.,-1.,0.));
#2288 = DIRECTION('',(1.,0.,0.));
#2289 = ORIENTED_EDGE('',*,*,#2290,.T.);
#2290 = EDGE_CURVE('',#2282,#2282,#2291,.T.);
#2291 = CIRCLE('',#2292,2.25);
#2292 = AXIS2_PLACEMENT_3D('',#2293,#2294,#2295);
#2293 = CARTESIAN_POINT('',(-35.75,35.75,0.1));
#2294 = DIRECTION('',(0.,0.,1.));
#2295 = DIRECTION('',(1.,0.,-0.));
#2296 = ORIENTED_EDGE('',*,*,#2281,.T.);
#2297 = ORIENTED_EDGE('',*,*,#1876,.F.);
#2298 = TOROIDAL_SURFACE('',#2299,2.35,0.1);
#2299 = AXIS2_PLACEMENT_3D('',#2300,#2301,#2302);
#2300 = CARTESIAN_POINT('',(-35.75,35.75,0.1));
#2301 = DIRECTION('',(0.,0.,1.));
#2302 = DIRECTION('',(1.,0.,-0.));
#2303 = ADVANCED_FACE('',(#2304),#2324,.T.);
#2304 = FACE_BOUND('',#2305,.T.);
#2305 = EDGE_LOOP('',(#2306,#2315,#2322,#2323));
#2306 = ORIENTED_EDGE('',*,*,#2307,.F.);
#2307 = EDGE_CURVE('',#2308,#1888,#2310,.T.);
#2308 = VERTEX_POINT('',#2309);
#2309 = CARTESIAN_POINT('',(38.,35.75,0.1));
#2310 = CIRCLE('',#2311,0.1);
#2311 = AXIS2_PLACEMENT_3D('',#2312,#2313,#2314);
#2312 = CARTESIAN_POINT('',(38.1,35.75,0.1));
#2313 = DIRECTION('',(0.,-1.,0.));
#2314 = DIRECTION('',(1.,0.,0.));
#2315 = ORIENTED_EDGE('',*,*,#2316,.T.);
#2316 = EDGE_CURVE('',#2308,#2308,#2317,.T.);
#2317 = CIRCLE('',#2318,2.25);
#2318 = AXIS2_PLACEMENT_3D('',#2319,#2320,#2321);
#2319 = CARTESIAN_POINT('',(35.75,35.75,0.1));
#2320 = DIRECTION('',(0.,0.,1.));
#2321 = DIRECTION('',(1.,0.,-0.));
#2322 = ORIENTED_EDGE('',*,*,#2307,.T.);
#2323 = ORIENTED_EDGE('',*,*,#1887,.F.);
#2324 = TOROIDAL_SURFACE('',#2325,2.35,0.1);
#2325 = AXIS2_PLACEMENT_3D('',#2326,#2327,#2328);
#2326 = CARTESIAN_POINT('',(35.75,35.75,0.1));
#2327 = DIRECTION('',(0.,0.,1.));
#2328 = DIRECTION('',(1.,0.,-0.));
#2329 = ADVANCED_FACE('',(#2330),#2350,.T.);
#2330 = FACE_BOUND('',#2331,.T.);
#2331 = EDGE_LOOP('',(#2332,#2341,#2348,#2349));
#2332 = ORIENTED_EDGE('',*,*,#2333,.F.);
#2333 = EDGE_CURVE('',#2334,#1899,#2336,.T.);
#2334 = VERTEX_POINT('',#2335);
#2335 = CARTESIAN_POINT('',(38.,-35.75,0.1));
#2336 = CIRCLE('',#2337,0.1);
#2337 = AXIS2_PLACEMENT_3D('',#2338,#2339,#2340);
#2338 = CARTESIAN_POINT('',(38.1,-35.75,0.1));
#2339 = DIRECTION('',(0.,-1.,0.));
#2340 = DIRECTION('',(1.,0.,0.));
#2341 = ORIENTED_EDGE('',*,*,#2342,.T.);
#2342 = EDGE_CURVE('',#2334,#2334,#2343,.T.);
#2343 = CIRCLE('',#2344,2.25);
#2344 = AXIS2_PLACEMENT_3D('',#2345,#2346,#2347);
#2345 = CARTESIAN_POINT('',(35.75,-35.75,0.1));
#2346 = DIRECTION('',(0.,0.,1.));
#2347 = DIRECTION('',(1.,0.,-0.));
#2348 = ORIENTED_EDGE('',*,*,#2333,.T.);
#2349 = ORIENTED_EDGE('',*,*,#1898,.F.);
#2350 = TOROIDAL_SURFACE('',#2351,2.35,0.1);
#2351 = AXIS2_PLACEMENT_3D('',#2352,#2353,#2354);
#2352 = CARTESIAN_POINT('',(35.75,-35.75,0.1));
#2353 = DIRECTION('',(0.,0.,1.));
#2354 = DIRECTION('',(1.,0.,-0.));
#2355 = ADVANCED_FACE('',(#2356),#2376,.T.);
#2356 = FACE_BOUND('',#2357,.T.);
#2357 = EDGE_LOOP('',(#2358,#2367,#2374,#2375));
#2358 = ORIENTED_EDGE('',*,*,#2359,.F.);
#2359 = EDGE_CURVE('',#2360,#1910,#2362,.T.);
#2360 = VERTEX_POINT('',#2361);
#2361 = CARTESIAN_POINT('',(-33.5,-35.75,0.1));
#2362 = CIRCLE('',#2363,0.1);
#2363 = AXIS2_PLACEMENT_3D('',#2364,#2365,#2366);
#2364 = CARTESIAN_POINT('',(-33.4,-35.75,0.1));
#2365 = DIRECTION('',(0.,-1.,0.));
#2366 = DIRECTION('',(1.,0.,0.));
#2367 = ORIENTED_EDGE('',*,*,#2368,.T.);
#2368 = EDGE_CURVE('',#2360,#2360,#2369,.T.);
#2369 = CIRCLE('',#2370,2.25);
#2370 = AXIS2_PLACEMENT_3D('',#2371,#2372,#2373);
#2371 = CARTESIAN_POINT('',(-35.75,-35.75,0.1));
#2372 = DIRECTION('',(0.,0.,1.));
#2373 = DIRECTION('',(1.,0.,-0.));
#2374 = ORIENTED_EDGE('',*,*,#2359,.T.);
#2375 = ORIENTED_EDGE('',*,*,#1909,.F.);
#2376 = TOROIDAL_SURFACE('',#2377,2.35,0.1);
#2377 = AXIS2_PLACEMENT_3D('',#2378,#2379,#2380);
#2378 = CARTESIAN_POINT('',(-35.75,-35.75,0.1));
#2379 = DIRECTION('',(0.,0.,1.));
#2380 = DIRECTION('',(1.,0.,-0.));
#2381 = ADVANCED_FACE('',(#2382),#2394,.T.);
#2382 = FACE_BOUND('',#2383,.F.);
#2383 = EDGE_LOOP('',(#2384,#2385,#2386,#2393));
#2384 = ORIENTED_EDGE('',*,*,#2060,.T.);
#2385 = ORIENTED_EDGE('',*,*,#1954,.T.);
#2386 = ORIENTED_EDGE('',*,*,#2387,.F.);
#2387 = EDGE_CURVE('',#2078,#1955,#2388,.T.);
#2388 = CIRCLE('',#2389,0.1);
#2389 = AXIS2_PLACEMENT_3D('',#2390,#2391,#2392);
#2390 = CARTESIAN_POINT('',(44.9,37.5,4.9));
#2391 = DIRECTION('',(0.,-1.,0.));
#2392 = DIRECTION('',(1.,0.,0.));
#2393 = ORIENTED_EDGE('',*,*,#2077,.F.);
#2394 = CYLINDRICAL_SURFACE('',#2395,0.1);
#2395 = AXIS2_PLACEMENT_3D('',#2396,#2397,#2398);
#2396 = CARTESIAN_POINT('',(44.9,-37.5,4.9));
#2397 = DIRECTION('',(0.,1.,0.));
#2398 = DIRECTION('',(1.,0.,0.));
#2399 = ADVANCED_FACE('',(#2400),#2412,.T.);
#2400 = FACE_BOUND('',#2401,.T.);
#2401 = EDGE_LOOP('',(#2402,#2409,#2410,#2411));
#2402 = ORIENTED_EDGE('',*,*,#2403,.F.);
#2403 = EDGE_CURVE('',#2110,#1972,#2404,.T.);
#2404 = CIRCLE('',#2405,0.1);
#2405 = AXIS2_PLACEMENT_3D('',#2406,#2407,#2408);
#2406 = CARTESIAN_POINT('',(-37.5,44.9,4.9));
#2407 = DIRECTION('',(1.,0.,0.));
#2408 = DIRECTION('',(-0.,1.,0.));
#2409 = ORIENTED_EDGE('',*,*,#2117,.T.);
#2410 = ORIENTED_EDGE('',*,*,#2158,.T.);
#2411 = ORIENTED_EDGE('',*,*,#1979,.F.);
#2412 = TOROIDAL_SURFACE('',#2413,7.4,0.1);
#2413 = AXIS2_PLACEMENT_3D('',#2414,#2415,#2416);
#2414 = CARTESIAN_POINT('',(-37.5,37.5,4.9));
#2415 = DIRECTION('',(0.,0.,1.));
#2416 = DIRECTION('',(0.,1.,0.));
#2417 = ADVANCED_FACE('',(#2418),#2438,.T.);
#2418 = FACE_BOUND('',#2419,.T.);
#2419 = EDGE_LOOP('',(#2420,#2421,#2430,#2437));
#2420 = ORIENTED_EDGE('',*,*,#2387,.F.);
#2421 = ORIENTED_EDGE('',*,*,#2422,.T.);
#2422 = EDGE_CURVE('',#2078,#2423,#2425,.T.);
#2423 = VERTEX_POINT('',#2424);
#2424 = CARTESIAN_POINT('',(37.5,45.,4.9));
#2425 = CIRCLE('',#2426,7.5);
#2426 = AXIS2_PLACEMENT_3D('',#2427,#2428,#2429);
#2427 = CARTESIAN_POINT('',(37.5,37.5,4.9));
#2428 = DIRECTION('',(0.,0.,1.));
#2429 = DIRECTION('',(1.,0.,-0.));
#2430 = ORIENTED_EDGE('',*,*,#2431,.T.);
#2431 = EDGE_CURVE('',#2423,#1963,#2432,.T.);
#2432 = CIRCLE('',#2433,0.1);
#2433 = AXIS2_PLACEMENT_3D('',#2434,#2435,#2436);
#2434 = CARTESIAN_POINT('',(37.5,44.9,4.9));
#2435 = DIRECTION('',(1.,-2.8E-16,0.));
#2436 = DIRECTION('',(2.8E-16,1.,0.));
#2437 = ORIENTED_EDGE('',*,*,#1962,.F.);
#2438 = TOROIDAL_SURFACE('',#2439,7.4,0.1);
#2439 = AXIS2_PLACEMENT_3D('',#2440,#2441,#2442);
#2440 = CARTESIAN_POINT('',(37.5,37.5,4.9));
#2441 = DIRECTION('',(0.,0.,1.));
#2442 = DIRECTION('',(1.,0.,-0.));
#2443 = ADVANCED_FACE('',(#2444),#2455,.T.);
#2444 = FACE_BOUND('',#2445,.F.);
#2445 = EDGE_LOOP('',(#2446,#2447,#2448,#2449));
#2446 = ORIENTED_EDGE('',*,*,#2431,.T.);
#2447 = ORIENTED_EDGE('',*,*,#1971,.T.);
#2448 = ORIENTED_EDGE('',*,*,#2403,.F.);
#2449 = ORIENTED_EDGE('',*,*,#2450,.F.);
#2450 = EDGE_CURVE('',#2423,#2110,#2451,.T.);
#2451 = LINE('',#2452,#2453);
#2452 = CARTESIAN_POINT('',(37.5,45.,4.9));
#2453 = VECTOR('',#2454,1.);
#2454 = DIRECTION('',(-1.,0.,0.));
#2455 = CYLINDRICAL_SURFACE('',#2456,0.1);
#2456 = AXIS2_PLACEMENT_3D('',#2457,#2458,#2459);
#2457 = CARTESIAN_POINT('',(37.5,44.9,4.9));
#2458 = DIRECTION('',(-1.,0.,0.));
#2459 = DIRECTION('',(0.,1.,0.));
#2460 = ADVANCED_FACE('',(#2461),#2481,.T.);
#2461 = FACE_BOUND('',#2462,.F.);
#2462 = EDGE_LOOP('',(#2463,#2472,#2479,#2480));
#2463 = ORIENTED_EDGE('',*,*,#2464,.F.);
#2464 = EDGE_CURVE('',#2465,#1998,#2467,.T.);
#2465 = VERTEX_POINT('',#2466);
#2466 = CARTESIAN_POINT('',(35.,0.,4.9));
#2467 = CIRCLE('',#2468,0.1);
#2468 = AXIS2_PLACEMENT_3D('',#2469,#2470,#2471);
#2469 = CARTESIAN_POINT('',(35.1,0.,4.9));
#2470 = DIRECTION('',(-0.,1.,0.));
#2471 = DIRECTION('',(1.,0.,0.));
#2472 = ORIENTED_EDGE('',*,*,#2473,.F.);
#2473 = EDGE_CURVE('',#2465,#2465,#2474,.T.);
#2474 = CIRCLE('',#2475,35.);
#2475 = AXIS2_PLACEMENT_3D('',#2476,#2477,#2478);
#2476 = CARTESIAN_POINT('',(0.,0.,4.9));
#2477 = DIRECTION('',(0.,0.,1.));
#2478 = DIRECTION('',(1.,0.,-0.));
#2479 = ORIENTED_EDGE('',*,*,#2464,.T.);
#2480 = ORIENTED_EDGE('',*,*,#1997,.T.);
#2481 = TOROIDAL_SURFACE('',#2482,35.1,0.1);
#2482 = AXIS2_PLACEMENT_3D('',#2483,#2484,#2485);
#2483 = CARTESIAN_POINT('',(0.,0.,4.9));
#2484 = DIRECTION('',(-0.,-0.,-1.));
#2485 = DIRECTION('',(1.,0.,0.));
#2486 = ADVANCED_FACE('',(#2487),#2507,.T.);
#2487 = FACE_BOUND('',#2488,.F.);
#2488 = EDGE_LOOP('',(#2489,#2498,#2505,#2506));
#2489 = ORIENTED_EDGE('',*,*,#2490,.F.);
#2490 = EDGE_CURVE('',#2491,#2009,#2493,.T.);
#2491 = VERTEX_POINT('',#2492);
#2492 = CARTESIAN_POINT('',(-33.5,35.75,4.9));
#2493 = CIRCLE('',#2494,0.1);
#2494 = AXIS2_PLACEMENT_3D('',#2495,#2496,#2497);
#2495 = CARTESIAN_POINT('',(-33.4,35.75,4.9));
#2496 = DIRECTION('',(-0.,1.,0.));
#2497 = DIRECTION('',(1.,0.,0.));
#2498 = ORIENTED_EDGE('',*,*,#2499,.F.);
#2499 = EDGE_CURVE('',#2491,#2491,#2500,.T.);
#2500 = CIRCLE('',#2501,2.25);
#2501 = AXIS2_PLACEMENT_3D('',#2502,#2503,#2504);
#2502 = CARTESIAN_POINT('',(-35.75,35.75,4.9));
#2503 = DIRECTION('',(0.,0.,1.));
#2504 = DIRECTION('',(1.,0.,-0.));
#2505 = ORIENTED_EDGE('',*,*,#2490,.T.);
#2506 = ORIENTED_EDGE('',*,*,#2008,.T.);
#2507 = TOROIDAL_SURFACE('',#2508,2.35,0.1);
#2508 = AXIS2_PLACEMENT_3D('',#2509,#2510,#2511);
#2509 = CARTESIAN_POINT('',(-35.75,35.75,4.9));
#2510 = DIRECTION('',(-0.,-0.,-1.));
#2511 = DIRECTION('',(1.,0.,0.));
#2512 = ADVANCED_FACE('',(#2513),#2533,.T.);
#2513 = FACE_BOUND('',#2514,.F.);
#2514 = EDGE_LOOP('',(#2515,#2524,#2531,#2532));
#2515 = ORIENTED_EDGE('',*,*,#2516,.F.);
#2516 = EDGE_CURVE('',#2517,#2020,#2519,.T.);
#2517 = VERTEX_POINT('',#2518);
#2518 = CARTESIAN_POINT('',(38.,35.75,4.9));
#2519 = CIRCLE('',#2520,0.1);
#2520 = AXIS2_PLACEMENT_3D('',#2521,#2522,#2523);
#2521 = CARTESIAN_POINT('',(38.1,35.75,4.9));
#2522 = DIRECTION('',(-0.,1.,0.));
#2523 = DIRECTION('',(1.,0.,0.));
#2524 = ORIENTED_EDGE('',*,*,#2525,.F.);
#2525 = EDGE_CURVE('',#2517,#2517,#2526,.T.);
#2526 = CIRCLE('',#2527,2.25);
#2527 = AXIS2_PLACEMENT_3D('',#2528,#2529,#2530);
#2528 = CARTESIAN_POINT('',(35.75,35.75,4.9));
#2529 = DIRECTION('',(0.,0.,1.));
#2530 = DIRECTION('',(1.,0.,-0.));
#2531 = ORIENTED_EDGE('',*,*,#2516,.T.);
#2532 = ORIENTED_EDGE('',*,*,#2019,.T.);
#2533 = TOROIDAL_SURFACE('',#2534,2.35,0.1);
#2534 = AXIS2_PLACEMENT_3D('',#2535,#2536,#2537);
#2535 = CARTESIAN_POINT('',(35.75,35.75,4.9));
#2536 = DIRECTION('',(-0.,-0.,-1.));
#2537 = DIRECTION('',(1.,0.,0.));
#2538 = ADVANCED_FACE('',(#2539),#2559,.T.);
#2539 = FACE_BOUND('',#2540,.F.);
#2540 = EDGE_LOOP('',(#2541,#2550,#2557,#2558));
#2541 = ORIENTED_EDGE('',*,*,#2542,.F.);
#2542 = EDGE_CURVE('',#2543,#2031,#2545,.T.);
#2543 = VERTEX_POINT('',#2544);
#2544 = CARTESIAN_POINT('',(38.,-35.75,4.9));
#2545 = CIRCLE('',#2546,0.1);
#2546 = AXIS2_PLACEMENT_3D('',#2547,#2548,#2549);
#2547 = CARTESIAN_POINT('',(38.1,-35.75,4.9));
#2548 = DIRECTION('',(-0.,1.,0.));
#2549 = DIRECTION('',(1.,0.,0.));
#2550 = ORIENTED_EDGE('',*,*,#2551,.F.);
#2551 = EDGE_CURVE('',#2543,#2543,#2552,.T.);
#2552 = CIRCLE('',#2553,2.25);
#2553 = AXIS2_PLACEMENT_3D('',#2554,#2555,#2556);
#2554 = CARTESIAN_POINT('',(35.75,-35.75,4.9));
#2555 = DIRECTION('',(0.,0.,1.));
#2556 = DIRECTION('',(1.,0.,-0.));
#2557 = ORIENTED_EDGE('',*,*,#2542,.T.);
#2558 = ORIENTED_EDGE('',*,*,#2030,.T.);
#2559 = TOROIDAL_SURFACE('',#2560,2.35,0.1);
#2560 = AXIS2_PLACEMENT_3D('',#2561,#2562,#2563);
#2561 = CARTESIAN_POINT('',(35.75,-35.75,4.9));
#2562 = DIRECTION('',(-0.,-0.,-1.));
#2563 = DIRECTION('',(1.,0.,0.));
#2564 = ADVANCED_FACE('',(#2565),#2585,.T.);
#2565 = FACE_BOUND('',#2566,.F.);
#2566 = EDGE_LOOP('',(#2567,#2576,#2583,#2584));
#2567 = ORIENTED_EDGE('',*,*,#2568,.F.);
#2568 = EDGE_CURVE('',#2569,#2042,#2571,.T.);
#2569 = VERTEX_POINT('',#2570);
#2570 = CARTESIAN_POINT('',(-33.5,-35.75,4.9));
#2571 = CIRCLE('',#2572,0.1);
#2572 = AXIS2_PLACEMENT_3D('',#2573,#2574,#2575);
#2573 = CARTESIAN_POINT('',(-33.4,-35.75,4.9));
#2574 = DIRECTION('',(-0.,1.,0.));
#2575 = DIRECTION('',(1.,0.,0.));
#2576 = ORIENTED_EDGE('',*,*,#2577,.F.);
#2577 = EDGE_CURVE('',#2569,#2569,#2578,.T.);
#2578 = CIRCLE('',#2579,2.25);
#2579 = AXIS2_PLACEMENT_3D('',#2580,#2581,#2582);
#2580 = CARTESIAN_POINT('',(-35.75,-35.75,4.9));
#2581 = DIRECTION('',(0.,0.,1.));
#2582 = DIRECTION('',(1.,0.,-0.));
#2583 = ORIENTED_EDGE('',*,*,#2568,.T.);
#2584 = ORIENTED_EDGE('',*,*,#2041,.T.);
#2585 = TOROIDAL_SURFACE('',#2586,2.35,0.1);
#2586 = AXIS2_PLACEMENT_3D('',#2587,#2588,#2589);
#2587 = CARTESIAN_POINT('',(-35.75,-35.75,4.9));
#2588 = DIRECTION('',(-0.,-0.,-1.));
#2589 = DIRECTION('',(1.,0.,0.));
#2590 = ADVANCED_FACE('',(#2591),#2602,.T.);
#2591 = FACE_BOUND('',#2592,.F.);
#2592 = EDGE_LOOP('',(#2593,#2594,#2595,#2601));
#2593 = ORIENTED_EDGE('',*,*,#2085,.T.);
#2594 = ORIENTED_EDGE('',*,*,#2422,.T.);
#2595 = ORIENTED_EDGE('',*,*,#2596,.F.);
#2596 = EDGE_CURVE('',#2214,#2423,#2597,.T.);
#2597 = LINE('',#2598,#2599);
#2598 = CARTESIAN_POINT('',(37.5,45.,0.));
#2599 = VECTOR('',#2600,1.);
#2600 = DIRECTION('',(0.,0.,1.));
#2601 = ORIENTED_EDGE('',*,*,#2213,.F.);
#2602 = CYLINDRICAL_SURFACE('',#2603,7.5);
#2603 = AXIS2_PLACEMENT_3D('',#2604,#2605,#2606);
#2604 = CARTESIAN_POINT('',(37.5,37.5,0.));
#2605 = DIRECTION('',(-0.,-0.,-1.));
#2606 = DIRECTION('',(1.,0.,0.));
#2607 = ADVANCED_FACE('',(#2608),#2614,.F.);
#2608 = FACE_BOUND('',#2609,.F.);
#2609 = EDGE_LOOP('',(#2610,#2611,#2612,#2613));
#2610 = ORIENTED_EDGE('',*,*,#2596,.T.);
#2611 = ORIENTED_EDGE('',*,*,#2450,.T.);
#2612 = ORIENTED_EDGE('',*,*,#2107,.F.);
#2613 = ORIENTED_EDGE('',*,*,#2241,.F.);
#2614 = PLANE('',#2615);
#2615 = AXIS2_PLACEMENT_3D('',#2616,#2617,#2618);
#2616 = CARTESIAN_POINT('',(37.5,45.,0.));
#2617 = DIRECTION('',(0.,-1.,0.));
#2618 = DIRECTION('',(-1.,0.,0.));
#2619 = ADVANCED_FACE('',(#2620),#2631,.F.);
#2620 = FACE_BOUND('',#2621,.T.);
#2621 = EDGE_LOOP('',(#2622,#2628,#2629,#2630));
#2622 = ORIENTED_EDGE('',*,*,#2623,.T.);
#2623 = EDGE_CURVE('',#2256,#2465,#2624,.T.);
#2624 = LINE('',#2625,#2626);
#2625 = CARTESIAN_POINT('',(35.,0.,0.));
#2626 = VECTOR('',#2627,1.);
#2627 = DIRECTION('',(0.,0.,1.));
#2628 = ORIENTED_EDGE('',*,*,#2473,.T.);
#2629 = ORIENTED_EDGE('',*,*,#2623,.F.);
#2630 = ORIENTED_EDGE('',*,*,#2264,.F.);
#2631 = CYLINDRICAL_SURFACE('',#2632,35.);
#2632 = AXIS2_PLACEMENT_3D('',#2633,#2634,#2635);
#2633 = CARTESIAN_POINT('',(0.,0.,0.));
#2634 = DIRECTION('',(-0.,-0.,-1.));
#2635 = DIRECTION('',(1.,0.,0.));
#2636 = ADVANCED_FACE('',(#2637),#2648,.F.);
#2637 = FACE_BOUND('',#2638,.T.);
#2638 = EDGE_LOOP('',(#2639,#2645,#2646,#2647));
#2639 = ORIENTED_EDGE('',*,*,#2640,.T.);
#2640 = EDGE_CURVE('',#2282,#2491,#2641,.T.);
#2641 = LINE('',#2642,#2643);
#2642 = CARTESIAN_POINT('',(-33.5,35.75,0.));
#2643 = VECTOR('',#2644,1.);
#2644 = DIRECTION('',(0.,0.,1.));
#2645 = ORIENTED_EDGE('',*,*,#2499,.T.);
#2646 = ORIENTED_EDGE('',*,*,#2640,.F.);
#2647 = ORIENTED_EDGE('',*,*,#2290,.F.);
#2648 = CYLINDRICAL_SURFACE('',#2649,2.25);
#2649 = AXIS2_PLACEMENT_3D('',#2650,#2651,#2652);
#2650 = CARTESIAN_POINT('',(-35.75,35.75,0.));
#2651 = DIRECTION('',(-0.,-0.,-1.));
#2652 = DIRECTION('',(1.,0.,0.));
#2653 = ADVANCED_FACE('',(#2654),#2665,.F.);
#2654 = FACE_BOUND('',#2655,.T.);
#2655 = EDGE_LOOP('',(#2656,#2662,#2663,#2664));
#2656 = ORIENTED_EDGE('',*,*,#2657,.T.);
#2657 = EDGE_CURVE('',#2308,#2517,#2658,.T.);
#2658 = LINE('',#2659,#2660);
#2659 = CARTESIAN_POINT('',(38.,35.75,0.));
#2660 = VECTOR('',#2661,1.);
#2661 = DIRECTION('',(0.,0.,1.));
#2662 = ORIENTED_EDGE('',*,*,#2525,.T.);
#2663 = ORIENTED_EDGE('',*,*,#2657,.F.);
#2664 = ORIENTED_EDGE('',*,*,#2316,.F.);
#2665 = CYLINDRICAL_SURFACE('',#2666,2.25);
#2666 = AXIS2_PLACEMENT_3D('',#2667,#2668,#2669);
#2667 = CARTESIAN_POINT('',(35.75,35.75,0.));
#2668 = DIRECTION('',(-0.,-0.,-1.));
#2669 = DIRECTION('',(1.,0.,0.));
#2670 = ADVANCED_FACE('',(#2671),#2682,.F.);
#2671 = FACE_BOUND('',#2672,.T.);
#2672 = EDGE_LOOP('',(#2673,#2679,#2680,#2681));
#2673 = ORIENTED_EDGE('',*,*,#2674,.T.);
#2674 = EDGE_CURVE('',#2334,#2543,#2675,.T.);
#2675 = LINE('',#2676,#2677);
#2676 = CARTESIAN_POINT('',(38.,-35.75,0.));
#2677 = VECTOR('',#2678,1.);
#2678 = DIRECTION('',(0.,0.,1.));
#2679 = ORIENTED_EDGE('',*,*,#2551,.T.);
#2680 = ORIENTED_EDGE('',*,*,#2674,.F.);
#2681 = ORIENTED_EDGE('',*,*,#2342,.F.);
#2682 = CYLINDRICAL_SURFACE('',#2683,2.25);
#2683 = AXIS2_PLACEMENT_3D('',#2684,#2685,#2686);
#2684 = CARTESIAN_POINT('',(35.75,-35.75,0.));
#2685 = DIRECTION('',(-0.,-0.,-1.));
#2686 = DIRECTION('',(1.,0.,0.));
#2687 = ADVANCED_FACE('',(#2688),#2699,.F.);
#2688 = FACE_BOUND('',#2689,.T.);
#2689 = EDGE_LOOP('',(#2690,#2696,#2697,#2698));
#2690 = ORIENTED_EDGE('',*,*,#2691,.T.);
#2691 = EDGE_CURVE('',#2360,#2569,#2692,.T.);
#2692 = LINE('',#2693,#2694);
#2693 = CARTESIAN_POINT('',(-33.5,-35.75,0.));
#2694 = VECTOR('',#2695,1.);
#2695 = DIRECTION('',(0.,0.,1.));
#2696 = ORIENTED_EDGE('',*,*,#2577,.T.);
#2697 = ORIENTED_EDGE('',*,*,#2691,.F.);
#2698 = ORIENTED_EDGE('',*,*,#2368,.F.);
#2699 = CYLINDRICAL_SURFACE('',#2700,2.25);
#2700 = AXIS2_PLACEMENT_3D('',#2701,#2702,#2703);
#2701 = CARTESIAN_POINT('',(-35.75,-35.75,0.));
#2702 = DIRECTION('',(-0.,-0.,-1.));
#2703 = DIRECTION('',(1.,0.,0.));
#2704 = ( GEOMETRIC_REPRESENTATION_CONTEXT(3) 
GLOBAL_UNCERTAINTY_ASSIGNED_CONTEXT((#2708)) 
GLOBAL_UNIT_ASSIGNED_CONTEXT((#2705,#2706,#2707)) REPRESENTATION_CONTEXT
('Context #1','3D Context with UNIT and UNCERTAINTY') );
#2705 = ( LENGTH_UNIT() NAMED_UNIT(*) SI_UNIT(.MILLI.,.METRE.) );
#2706 = ( NAMED_UNIT(*) PLANE_ANGLE_UNIT() SI_UNIT($,.RADIAN.) );
#2707 = ( NAMED_UNIT(*) SI_UNIT($,.STERADIAN.) SOLID_ANGLE_UNIT() );
#2708 = UNCERTAINTY_MEASURE_WITH_UNIT(LENGTH_MEASURE(1.E-07),#2705,
  'distance_accuracy_value','confusion accuracy');
#2709 = CONTEXT_DEPENDENT_SHAPE_REPRESENTATION(#2710,#2712);
#2710 = ( REPRESENTATION_RELATIONSHIP('','',#1550,#10) 
REPRESENTATION_RELATIONSHIP_WITH_TRANSFORMATION(#2711) 
SHAPE_REPRESENTATION_RELATIONSHIP() );
#2711 = ITEM_DEFINED_TRANSFORMATION('','',#11,#23);
#2712 = PRODUCT_DEFINITION_SHAPE('Placement','Placement of an item',
  #2713);
#2713 = NEXT_ASSEMBLY_USAGE_OCCURRENCE('3','TentMounting001','',#5,#1545
  ,$);
#2714 = PRODUCT_RELATED_PRODUCT_CATEGORY('part',$,(#1547));
#2715 = MECHANICAL_DESIGN_GEOMETRIC_PRESENTATION_REPRESENTATION('',(
    #2716),#1532);
#2716 = STYLED_ITEM('color',(#2717),#1257);
#2717 = PRESENTATION_STYLE_ASSIGNMENT((#2718,#2724));
#2718 = SURFACE_STYLE_USAGE(.BOTH.,#2719);
#2719 = SURFACE_SIDE_STYLE('',(#2720));
#2720 = SURFACE_STYLE_FILL_AREA(#2721);
#2721 = FILL_AREA_STYLE('',(#2722));
#2722 = FILL_AREA_STYLE_COLOUR('',#2723);
#2723 = COLOUR_RGB('',0.447058818107,0.474509808674,0.501960817233);
#2724 = CURVE_STYLE('',#2725,POSITIVE_LENGTH_MEASURE(0.1),#2726);
#2725 = DRAUGHTING_PRE_DEFINED_CURVE_FONT('continuous');
#2726 = COLOUR_RGB('',9.803921802644E-02,9.803921802644E-02,
  9.803921802644E-02);
#2727 = MECHANICAL_DESIGN_GEOMETRIC_PRESENTATION_REPRESENTATION('',(
    #2728),#2704);
#2728 = STYLED_ITEM('color',(#2729),#1551);
#2729 = PRESENTATION_STYLE_ASSIGNMENT((#2730,#2735));
#2730 = SURFACE_STYLE_USAGE(.BOTH.,#2731);
#2731 = SURFACE_SIDE_STYLE('',(#2732));
#2732 = SURFACE_STYLE_FILL_AREA(#2733);
#2733 = FILL_AREA_STYLE('',(#2734));
#2734 = FILL_AREA_STYLE_COLOUR('',#2723);
#2735 = CURVE_STYLE('',#2736,POSITIVE_LENGTH_MEASURE(0.1),#2726);
#2736 = DRAUGHTING_PRE_DEFINED_CURVE_FONT('continuous');
#2737 = MECHANICAL_DESIGN_GEOMETRIC_PRESENTATION_REPRESENTATION('',(
    #2738),#1238);
#2738 = STYLED_ITEM('color',(#2739),#41);
#2739 = PRESENTATION_STYLE_ASSIGNMENT((#2740,#2745));
#2740 = SURFACE_STYLE_USAGE(.BOTH.,#2741);
#2741 = SURFACE_SIDE_STYLE('',(#2742));
#2742 = SURFACE_STYLE_FILL_AREA(#2743);
#2743 = FILL_AREA_STYLE('',(#2744));
#2744 = FILL_AREA_STYLE_COLOUR('',#2723);
#2745 = CURVE_STYLE('',#2746,POSITIVE_LENGTH_MEASURE(0.1),#2726);
#2746 = DRAUGHTING_PRE_DEFINED_CURVE_FONT('continuous');
ENDSEC;
END-ISO-10303-21;
